"season","player_name","avg_passing_epa","avg_rushing_epa","avg_fantasy_points","tot_completions","tot_attempts","tot_passing_yards","tot_passing_tds","tot_ints","tot_carries","tot_rushing_yards","tot_rushing_tds","passing_yard_rank","fantasy_rank","rushing_yard_rank","passing_td_rank","rushing_td_rank","completion_percentage","comp_percentage_rank","passing_epa_rank"
1999,"A.Smith",NA,-0.807128050378754,6.67714285714286,79,150,793,2,6,182,707,7,45,41,1,44,2,0.526666666666667,39,39
1999,"B.Favre",1.19441942569536,NA,13.23875,338,589,4068,22,23,26,131,0,2,10,17,7,26,0.573853989813243,24,14
1999,"B.Griese",0.407945984424256,-1.10006258345767,11.5671428571429,258,442,3006,14,14,44,117,2,12,23,20,17,4,0.583710407239819,20,18
1999,"B.Hobert",-0.212706640054549,NA,6.81111111111111,84,157,965,6,5,12,47,1,42,40,32,40,15,0.535031847133758,36,20
1999,"B.Johnson",3.94849762494989,NA,14.66375,313,515,3988,24,13,26,31,2,4,6,37,4,5,0.607766990291262,5,6
1999,"B.Tolliver",-2.0131676850813,NA,11.338,137,261,1897,7,13,24,135,3,27,24,16,37,3,0.524904214559387,41,30
1999,"C.Batch",-1.67397135201191,NA,12.2745454545455,149,267,1908,13,7,28,87,2,26,16,27,20,6,0.558052434456929,29,28
1999,"C.Chandler",-0.464506797583735,NA,11.8333333333333,173,304,2335,16,11,15,46,1,20,21,33,13,16,0.569078947368421,25,21
1999,"C.McNown",-1.33858199931448,NA,5.672,126,230,1452,8,8,31,150,0,33,43,12,32,27,0.547826086956522,34,25
1999,"D.Bledsoe",-1.62970079133725,NA,12.42875,303,533,3969,19,21,42,101,0,5,14,24,10,28,0.568480300187617,26,27
1999,"D.Brown",NA,NA,4.29555555555556,84,168,944,2,5,13,49,0,43,45,31,45,29,0.5,43,40
1999,"D.Flutie",0.745704082927936,0.341651056587452,14.2666666666667,261,471,3145,18,14,87,462,1,10,7,2,11,17,0.554140127388535,30,16
1999,"D.Huard",-1.95021706709759,NA,9.28888888888889,124,214,1280,8,4,28,124,0,37,31,18,33,30,0.579439252336449,21,29
1999,"D.Marino",-2.48947279209131,NA,9.32,199,361,2378,12,17,6,-6,0,19,30,45,21,31,0.551246537396122,31,32
1999,"D.McNabb",-7.3914854027705,NA,7.24181818181818,105,213,934,8,6,45,309,0,44,39,5,34,32,0.492957746478873,44,38
1999,"D.Pederson",-5.40310474380422,-1.25722643402987,5.138,118,226,1257,7,9,19,31,0,38,44,38,38,33,0.52212389380531,42,37
1999,"E.Grbac",2.92466308588852,NA,11.9625,293,494,3360,22,13,19,10,0,8,20,41,8,34,0.593117408906883,14,9
1999,"G.Frerotte",1.92743859642565,NA,12.4155555555556,174,287,2111,9,7,15,33,0,23,15,36,29,35,0.606271777003484,6,13
1999,"J.Blake",-1.32414939740458,0.987673866078486,12.7642857142857,211,383,2630,15,12,59,315,2,16,11,4,15,7,0.550913838120104,32,24
1999,"J.Garcia",1.9718511060421,NA,11.9646153846154,222,369,2516,11,11,44,229,2,17,19,9,24,8,0.601626016260163,9,12
1999,"J.George",4.22762338860949,NA,14.0716666666667,188,318,2769,22,12,16,41,0,14,9,34,9,36,0.591194968553459,17,5
1999,"J.Harbaugh",-2.10202838386813,NA,8.99714285714286,245,426,2654,10,14,32,118,0,15,34,19,26,37,0.575117370892019,23,31
1999,"J.Kitna",0.458254149475625,NA,12.5613333333333,267,487,3328,23,16,34,53,0,9,13,30,6,38,0.548254620123203,33,17
1999,"J.Miller",NA,NA,9.04571428571429,109,172,1233,7,6,5,0,0,39,33,44,39,39,0.633720930232558,2,41
1999,"J.Plummer",-5.39349778373326,NA,7.96333333333333,200,379,2104,9,23,38,114,2,24,36,21,30,9,0.527704485488127,38,36
1999,"K.Collins",-0.713681243257638,NA,11.032,190,328,2318,8,10,19,36,2,21,26,35,35,10,0.579268292682927,22,23
1999,"K.Graham",-0.684820249055691,NA,11.6533333333333,160,270,1697,9,8,31,111,1,28,22,22,31,18,0.592592592592593,15,22
1999,"K.Stewart",NA,NA,7.58533333333333,159,272,1422,6,10,55,256,2,35,38,7,41,11,0.584558823529412,19,42
1999,"K.Warner",10.7971681243414,NA,19.8093333333333,293,450,3956,38,11,21,89,1,6,1,25,1,19,0.651111111111111,1,1
1999,"M.Brunell",3.80985837227998,NA,12.7333333333333,259,438,3060,14,8,44,186,1,11,12,10,18,20,0.591324200913242,16,7
1999,"M.Tomczak",NA,NA,10.6377777777778,137,255,1596,12,8,16,19,0,32,27,40,22,40,0.537254901960784,35,43
1999,"N.O'Donnell",2.08085533203139,NA,10.3825,114,192,1374,10,4,19,1,0,36,28,43,27,41,0.59375,13,11
1999,"P.Manning",7.23500695997824,NA,15.63,326,527,4047,26,15,33,62,2,3,5,28,3,12,0.618595825426945,4,2
1999,"R.Cunningham",0.311084119343595,NA,12.2066666666667,122,195,1436,8,9,8,58,0,34,17,29,36,42,0.625641025641026,3,19
1999,"R.Gannon",4.46672712130097,NA,15.97875,302,512,3819,24,13,45,272,2,7,4,6,5,13,0.58984375,18,4
1999,"R.Lucas",3.07890640260958,-1.44697767139828,14.1288888888889,160,268,1669,14,6,41,144,1,29,8,13,19,21,0.597014925373134,12,8
1999,"R.Mirer",-3.01445619006012,NA,8.08285714285714,92,173,1042,5,9,21,89,1,40,35,26,42,22,0.531791907514451,37,33
1999,"S.Beuerlein",5.31884859120526,NA,18.31375,340,565,4413,36,14,24,105,1,1,2,23,2,23,0.601769911504425,8,3
1999,"S.Case",NA,-0.259106952440351,5.7,76,168,975,3,8,35,140,2,41,42,15,43,14,0.452380952380952,45,44
1999,"S.Matthews",-1.5508480730331,-0.735391672866324,11.2425,164,271,1621,10,6,14,31,0,30,25,39,28,43,0.605166051660517,7,26
1999,"S.McNair",0.833898787124286,1.57802289715125,18.08,185,329,2152,12,8,71,328,8,22,3,3,23,1,0.562310030395137,27,15
1999,"T.Aikman",2.58890814767128,NA,11.9857142857143,258,430,2920,17,11,21,10,1,13,18,42,12,24,0.6,10,10
1999,"T.Banks",NA,NA,7.94315789473684,167,318,2093,16,8,47,175,0,25,37,11,14,44,0.525157232704403,40,45
1999,"T.Couch",-4.6910235121754,NA,10.264,219,391,2409,15,12,38,256,1,18,29,8,16,25,0.560102301790281,28,35
1999,"T.Dilfer",-3.49442469967416,0.6048480507161,9.27,145,242,1610,11,10,34,143,0,31,32,14,25,45,0.599173553719008,11,34
2000,"A.Brooks",NA,-0.121751080001439,13.845,111,192,1494,9,6,41,170,2,33,11,16,29,9,0.578125,27,39
2000,"A.Smith",NA,NA,5.37809523809524,117,262,1246,3,6,139,551,4,38,39,2,38,5,0.446564885496183,41,40
2000,"B.Favre",1.43081137213664,NA,12.71,334,575,3764,20,16,27,108,0,5,15,21,10,27,0.580869565217391,24,14
2000,"B.Griese",8.31720081210106,NA,18.374,210,330,2606,19,4,27,95,1,18,3,24,12,13,0.636363636363636,3,4
2000,"B.Johnson",0.793001865901972,NA,9.94666666666667,226,359,2489,11,15,22,58,1,19,27,31,25,14,0.629526462395543,5,18
2000,"C.Batch",-4.58448316073138,NA,9.91066666666667,219,407,2469,13,14,44,199,2,20,28,14,19,10,0.538083538083538,37,33
2000,"C.Chandler",-4.27587526357042,NA,7.76285714285714,190,328,2227,10,12,21,60,0,22,34,29,28,28,0.579268292682927,26,32
2000,"C.McNown",-5.03202522444867,0.793056440298327,12.53,153,277,1635,8,8,48,319,3,30,16,9,31,8,0.552346570397112,34,34
2000,"D.Bledsoe",-0.653613127496005,NA,11.98,309,527,3247,17,13,47,158,2,13,19,18,16,11,0.586337760910816,23,27
2000,"D.Culpepper",6.62273502276363,NA,21.1975,295,469,3924,33,14,86,442,7,3,2,4,1,1,0.628997867803838,6,5
2000,"D.Flutie",2.92238085412996,NA,11.214,129,225,1656,8,2,35,159,1,29,23,17,32,15,0.573333333333333,29,11
2000,"D.McNabb",0.413495923760582,2.54940670874237,18.1,327,563,3320,21,11,83,623,6,12,5,1,7,3,0.580817051509769,25,22
2000,"D.Pederson",-5.32152464059289,NA,3.988,117,210,1047,2,8,17,60,0,39,41,30,41,29,0.557142857142857,33,35
2000,"E.Grbac",4.04305159535363,NA,16.2228571428571,303,509,3848,22,13,28,112,1,4,9,20,5,16,0.595284872298625,17,10
2000,"G.Frerotte",0.684362345652923,NA,10.7822222222222,137,230,1766,9,8,22,64,1,28,25,28,30,17,0.595652173913043,16,19
2000,"J.Blake",1.17694399289751,NA,12.5145454545455,180,296,2004,13,8,54,215,1,24,17,11,20,18,0.608108108108108,10,16
2000,"J.Fiedler",2.74402415837188,NA,9.89428571428572,188,330,2248,13,13,46,206,1,21,30,13,21,19,0.56969696969697,30,12
2000,"J.Garcia",8.41158818337664,0.618025460306853,21.23875,349,550,4238,31,9,71,403,4,2,1,6,3,6,0.634545454545455,4,3
2000,"J.George",4.68901935587917,NA,12.2933333333333,113,192,1389,7,6,6,22,0,36,18,38,35,30,0.588541666666667,21,9
2000,"J.Harbaugh",1.24653201953265,NA,9.38,121,199,1389,8,10,14,21,0,37,33,39,33,31,0.608040201005025,11,15
2000,"J.Kitna",0.288847995029897,NA,9.57466666666667,256,412,2643,18,19,47,119,1,17,31,19,14,20,0.621359223300971,9,24
2000,"J.Plummer",-3.01896126057643,NA,9.45571428571429,266,469,2852,12,20,37,183,0,14,32,15,22,32,0.567164179104478,31,31
2000,"K.Collins",5.31418344761575,NA,13.47125,309,523,3576,22,12,41,65,1,9,13,27,6,21,0.590822179732314,19,8
2000,"K.Stewart",0.478641275170801,NA,11.9786666666667,150,286,1827,11,8,76,426,7,26,20,5,26,2,0.524475524475524,38,21
2000,"K.Warner",9.23192085012021,NA,16.82,232,344,3383,21,18,18,17,0,10,8,40,8,33,0.674418604651163,1,1
2000,"M.Brunell",2.08996367420427,NA,14.1875,311,512,3640,20,14,46,214,2,8,10,12,11,12,0.607421875,12,13
2000,"P.Manning",8.80037865183927,NA,18.36375,353,564,4388,33,14,35,103,1,1,4,22,2,22,0.625886524822695,7,2
2000,"R.Gannon",6.04519820950846,1.24744049950547,17.95125,278,465,3343,28,11,84,475,4,11,6,3,4,7,0.597849462365591,15,7
2000,"R.Johnson",-1.96173315626366,NA,12.7127272727273,161,274,1911,12,6,37,260,1,25,14,10,23,23,0.587591240875912,22,29
2000,"R.Leaf",-6.4113085718588,-2.22242030072084,7.656,151,305,1779,11,17,28,54,0,27,36,33,27,34,0.495081967213115,39,38
2000,"S.Beuerlein",0.327471832925317,-0.675875554217656,11.83375,318,524,3691,19,18,41,97,1,7,21,23,13,24,0.606870229007634,13,23
2000,"S.King",-0.0965430141219969,1.03878569915975,13.585,228,421,2689,18,13,72,338,5,16,12,8,15,4,0.541567695961995,36,26
2000,"S.Matthews",-5.90806360031155,NA,6.57666666666667,101,176,949,3,6,10,35,0,41,37,36,39,35,0.573863636363636,28,37
2000,"S.McNair",0.914537104024049,-0.333577690032502,10.78625,242,389,2757,15,13,72,403,0,15,24,7,18,36,0.622107969151671,8,17
2000,"S.Mitchell",-5.33712568383489,NA,5.13,89,186,966,3,8,8,44,1,40,40,35,40,25,0.478494623655914,40,36
2000,"T.Aikman",-2.64435672316116,NA,5.81272727272727,153,259,1616,7,14,10,13,0,31,38,41,36,37,0.590733590733591,20,30
2000,"T.Banks",NA,NA,7.74727272727273,148,272,1538,8,8,19,57,0,32,35,32,34,38,0.544117647058823,35,41
2000,"T.Couch",0.0273204726303752,NA,10.5514285714286,137,211,1484,7,9,12,45,0,35,26,34,37,39,0.649289099526066,2,25
2000,"T.Dilfer",-1.80809646051111,NA,9.90222222222222,133,225,1493,12,11,20,75,0,34,29,25,24,40,0.591111111111111,18,28
2000,"T.Green",6.45566968096025,-0.359247852167755,17.8975,142,236,2007,16,5,20,69,1,23,7,26,17,26,0.601694915254237,14,6
2000,"V.Testaverde",0.606931658218864,NA,11.555,325,581,3692,21,23,25,32,0,6,22,37,9,41,0.559380378657487,32,20
2001,"A.Brooks",0.661247422027442,-0.75558829112637,15.8175,312,558,3832,26,22,80,358,1,4,9,5,5,12,0.559139784946237,28,14
2001,"A.Van Pelt",1.60111478526148,NA,9.295,178,307,2056,12,11,12,33,0,29,26,29,25,21,0.579804560260586,20,10
2001,"B.Favre",4.49586881837886,-1.62434963924261,16.1525,314,510,3921,32,15,38,56,1,3,8,26,2,13,0.615686274509804,8,4
2001,"B.Griese",-1.21355167405077,NA,12.7853333333333,275,451,2827,23,19,50,173,1,22,13,12,8,14,0.609756097560976,12,20
2001,"B.Johnson",NA,NA,9.50636363636364,340,559,3406,13,11,39,120,3,10,25,21,23,8,0.608228980322004,14,32
2001,"C.Batch",-1.60840499249022,NA,11.818,198,341,2392,12,12,12,45,0,26,15,27,26,22,0.580645161290323,19,22
2001,"C.Chandler",1.33222545552357,NA,11.3057142857143,223,365,2847,16,14,25,84,0,20,18,22,16,23,0.610958904109589,11,12
2001,"C.Weinke",-6.38742668423592,NA,11.0693333333333,293,540,2931,11,19,37,128,6,19,19,19,28,1,0.542592592592593,30,30
2001,"D.Culpepper",0.329917929083505,NA,18.0072727272727,235,366,2612,14,13,71,416,5,25,3,3,20,2,0.64207650273224,3,16
2001,"D.Flutie",2.23213662511352,-0.431211351645118,11.485,294,521,3464,15,18,52,192,1,9,17,11,17,15,0.564299424184261,27,9
2001,"D.McNabb",0.010656269001837,0.516139835894576,17.3013333333333,285,493,3233,25,12,82,482,2,14,5,2,7,9,0.578093306288032,22,18
2001,"E.Grbac",-2.60829750039898,NA,10.2228571428571,265,467,3033,15,18,21,18,1,18,23,32,18,16,0.56745182012848,25,26
2001,"J. Miller",-1.40555344656124,NA,8.29,228,395,2299,13,10,29,-19,0,28,30,33,24,24,0.577215189873418,23,21
2001,"J.Fiedler",2.26822900506618,1.88781848704821,13.75125,272,449,3248,20,19,73,321,4,13,12,6,10,6,0.605790645879733,15,8
2001,"J.Garcia",5.50021247265881,NA,18.5575,316,504,3538,32,12,72,254,5,8,1,7,3,3,0.626984126984127,6,3
2001,"J.Kitna",-2.65108512145905,NA,8.74625,313,581,3216,12,22,27,73,1,15,29,23,27,17,0.538726333907057,31,27
2001,"J.Plummer",2.51269575207227,NA,12.65125,304,525,3653,18,14,35,163,0,7,14,13,12,25,0.579047619047619,21,7
2001,"K. Collins",-1.66951317765393,-1.02868968641717,10.5830769230769,250,436,2817,14,14,32,69,0,23,22,24,21,26,0.573394495412844,24,23
2001,"K.Stewart",3.58850247230139,NA,14.62875,266,442,3109,14,11,96,537,5,16,10,1,22,4,0.601809954751131,16,6
2001,"K.Warner",9.54231048476163,NA,18.325,375,546,4830,36,22,28,60,0,1,2,25,1,27,0.686813186813187,1,1
2001,"M.Brunell",0.0330731573014951,NA,13.784,289,473,3309,19,13,39,224,1,12,11,10,11,18,0.610993657505285,10,17
2001,"M.Hasselbeck",NA,NA,7.92461538461539,176,321,2023,7,8,40,141,0,30,32,18,30,28,0.548286604361371,29,33
2001,"P.Manning",1.46761782718322,0.226362416038648,16.30875,343,547,4131,26,23,35,157,4,2,7,15,6,7,0.627056672760512,5,11
2001,"Q.Carter",-2.58735283013986,-0.661302462519699,8.235,90,176,1072,5,7,45,150,1,32,31,17,31,19,0.511363636363636,33,24
2001,"R. Gannon",6.14053879848369,NA,16.63875,361,549,3828,27,9,63,231,2,5,6,9,4,10,0.657559198542805,2,2
2001,"R.Johnson",-4.48661027511244,1.15912203132761,10.8375,134,216,1465,5,7,36,241,1,31,20,8,32,20,0.62037037037037,7,29
2001,"S.McNair",4.37307721718392,0.635626929410563,17.6933333333333,264,431,3350,21,12,75,414,5,11,4,4,9,5,0.612529002320186,9,5
2001,"T. Green",-0.516701884961061,NA,11.57625,296,523,3783,17,24,35,158,0,6,16,14,14,29,0.565965583173996,26,19
2001,"T.Banks",-2.59337346310986,-0.666572893325004,9.10933333333333,198,370,2386,10,10,47,152,2,27,27,16,29,11,0.535135135135135,32,25
2001,"T.Brady",0.93656480557063,-1.09787721643352,10.8213333333333,264,413,2843,18,12,36,43,0,21,21,28,13,30,0.639225181598063,4,13
2001,"T.Couch",-3.69452183658794,-0.624784024344782,9.5875,272,454,3040,17,21,38,128,0,17,24,20,15,31,0.599118942731278,17,28
2001,"T.Detmer",-8.93127113816835,-0.301968744621263,7.21,92,151,906,3,10,9,26,0,33,33,30,33,32,0.609271523178808,13,31
2001,"V.Testaverde",0.475357078437873,NA,8.78625,260,441,2752,15,14,31,25,0,24,28,31,19,33,0.589569160997732,18,15
2002,"A.Brooks",0.572610545254665,-0.0738306064679722,16.01125,283,528,3572,27,15,62,253,2,7,9,7,2,8,0.535984848484849,38,20
2002,"A.Feeley",0.703119691792219,-1.78150107267235,8.84,86,154,1011,6,5,12,6,0,44,39,40,39,26,0.558441558441558,35,19
2002,"B. Griese",6.77973830630918,-0.459638220450555,13.5,145,210,1655,5,5,15,48,0,30,19,29,41,27,0.69047619047619,2,6
2002,"B.Favre",2.63671816668965,NA,13.85125,341,551,3658,27,16,25,73,0,6,16,22,3,28,0.618874773139746,18,12
2002,"B.Griese",-0.84218084094977,NA,13.4657142857143,146,226,1559,10,10,22,59,1,31,20,24,30,16,0.646017699115044,8,27
2002,"B.Johnson",NA,NA,9.65272727272727,281,451,3049,22,6,14,30,0,14,36,35,6,29,0.623059866962306,13,44
2002,"C.Chandler",-4.25514224466544,NA,5.765,103,161,1023,4,4,10,32,0,43,45,33,42,30,0.639751552795031,10,39
2002,"C.Hutchinson",-10.5067111613512,-0.474546831049439,7.28888888888889,127,250,1555,7,8,18,74,0,32,43,21,34,31,0.508,44,43
2002,"C.Pennington",7.81541679740249,NA,14.5133333333333,275,399,3120,22,6,29,49,2,12,14,28,7,9,0.68922305764411,3,4
2002,"C.Redman",-3.3061622562427,-0.570861347640554,10.0266666666667,97,182,1034,7,3,10,8,0,42,35,39,35,32,0.532967032967033,39,37
2002,"D.Bledsoe",4.44468614557791,NA,16.1216666666667,283,463,3319,18,8,22,47,1,10,8,30,12,17,0.611231101511879,22,11
2002,"D.Brees",-0.465441147676028,NA,10.1928571428571,267,437,2710,12,15,35,103,1,18,34,17,25,18,0.610983981693364,23,25
2002,"D.Carr",-8.44916879680536,-0.559675936760417,9.1175,233,444,2592,9,15,59,282,3,21,37,6,31,5,0.524774774774775,41,42
2002,"D.Culpepper",1.77055455804511,1.87392246763505,17.81375,333,549,3853,18,23,106,609,10,3,4,2,13,1,0.60655737704918,26,16
2002,"D.McNabb",0.232481496358567,NA,22.356,211,361,2289,17,6,63,460,6,24,2,3,15,3,0.584487534626039,29,22
2002,"J. Fiedler",1.006213458974,NA,11.1625,132,217,1445,8,8,16,55,2,35,27,27,33,10,0.608294930875576,25,17
2002,"J. Martin",-2.63056004442613,NA,10.648,124,195,1216,7,10,5,6,0,38,30,41,36,33,0.635897435897436,12,35
2002,"J. Plummer",-4.76838292291404,NA,10.62,84,154,815,7,6,10,65,0,45,31,23,37,34,0.545454545454545,37,40
2002,"J.Blake",-0.941125284193884,-0.487099969678093,12.396,165,295,2084,13,11,39,106,1,26,23,16,23,19,0.559322033898305,34,28
2002,"J.Garcia",4.97111624428991,0.643404036776478,15.69125,328,528,3344,21,10,73,353,3,9,12,5,9,6,0.621212121212121,15,8
2002,"J.Harrington",-6.1985386453293,NA,7.58285714285714,215,429,2294,12,16,7,4,0,23,42,42,26,35,0.501165501165501,45,41
2002,"J.Kitna",-1.28119601548146,NA,13.6015384615385,294,473,3178,16,16,24,57,4,11,18,25,16,4,0.621564482029598,14,30
2002,"J.Miller",-0.975631142468876,NA,10.886,180,314,1944,13,9,13,11,0,28,29,38,24,36,0.573248407643312,31,29
2002,"J.Plummer",-2.9242463577273,-0.215909652009776,11.6618181818182,200,376,2157,11,14,36,218,2,25,26,9,28,11,0.531914893617021,40,36
2002,"K. Warner",-3.71442279434275,NA,6.64857142857143,144,220,1431,3,11,8,33,0,36,44,32,45,37,0.654545454545455,7,38
2002,"K.Collins",7.02046917113628,NA,13.16375,335,545,4073,19,14,44,-3,0,2,21,44,11,38,0.614678899082569,20,5
2002,"K.Stewart",2.23413859526211,0.102047135984781,12.4714285714286,109,166,1155,6,6,43,191,2,40,22,11,40,12,0.656626506024096,6,14
2002,"M. Brunell",0.404423883791496,NA,11.9428571428571,223,380,2560,15,6,39,188,0,22,25,12,18,39,0.586842105263158,27,21
2002,"M. Bulger",8.63288650369271,NA,16.8628571428571,138,214,1826,14,6,12,-13,1,29,5,45,21,20,0.644859813084112,9,2
2002,"M.Hasselbeck",NA,0.344396600278533,14.0923076923077,267,419,3075,15,10,40,202,1,13,15,10,19,21,0.637231503579952,11,45
2002,"M.Vick",2.24104754400418,1.56672562337727,18.6093333333333,231,421,2936,16,8,113,777,8,15,3,1,17,2,0.548693586698337,36,13
2002,"P.Manning",4.47408135206138,NA,16.55,392,591,4200,27,19,38,148,2,1,7,13,4,13,0.663282571912014,5,10
2002,"P.Ramsey",0.109501006836915,NA,8.82888888888889,117,227,1539,9,8,13,-1,1,33,40,43,32,22,0.515418502202643,43,23
2002,"Q.Carter",-1.54634365028415,-1.46157970689508,10.5285714285714,125,221,1465,7,8,27,91,0,34,32,19,38,40,0.565610859728507,32,31
2002,"R. Gannon",7.8201688086425,0.158999102237298,16.754,239,359,2641,12,4,30,99,2,19,6,18,27,14,0.665738161559889,4,3
2002,"R. Lucas",-2.35945146936561,-0.91890778057458,10.4333333333333,92,160,1045,4,6,34,128,2,41,33,14,43,15,0.575,30,34
2002,"R.Gannon",8.89830494214145,NA,22.6033333333333,179,259,2048,14,6,20,57,1,27,1,26,22,23,0.691119691119691,1,1
2002,"R.Peete",-2.06131969278684,NA,8.9,223,381,2630,15,14,22,14,0,20,38,37,20,41,0.585301837270341,28,32
2002,"S.Matthews",-2.17870240176748,NA,11.9771428571429,124,237,1251,11,6,12,31,0,37,24,34,29,42,0.523206751054852,42,33
2002,"S.McNair",4.52748563848183,0.617709979825334,15.8425,301,492,3387,22,15,82,440,3,8,11,4,8,7,0.611788617886179,21,9
2002,"T. Green",5.79128269839336,NA,16.00625,287,470,3690,26,13,31,225,1,5,10,8,5,24,0.61063829787234,24,7
2002,"T.Brady",0.81497109612912,NA,15.3475,373,601,3764,28,14,42,110,1,4,13,15,1,25,0.62063227953411,17,18
2002,"T.Couch",0.105768100092667,NA,11.0985714285714,273,443,2842,18,18,23,77,0,16,28,20,14,43,0.616252821670429,19,24
2002,"T.Dilfer",-0.483240854075803,NA,8.66333333333333,94,168,1182,4,6,10,27,0,39,41,36,44,44,0.55952380952381,33,26
2002,"T.Maddox",2.19096471969185,NA,13.8116666666667,234,377,2836,20,16,19,43,0,17,17,31,10,45,0.620689655172414,16,15
2003,"A.Brooks",1.32531442442776,-0.762577653258368,14.33375,306,518,3546,24,8,54,175,2,8,9,8,7,9,0.590733590733591,16,13
2003,"A.Wright",-1.57216624171614,-2.79387429197186,9.89428571428571,94,178,1199,9,8,28,73,0,33,26,22,27,25,0.528089887640449,36,20
2003,"B.Favre",3.3588490067502,NA,13.87125,308,471,3361,32,21,18,15,0,10,10,37,1,26,0.653927813163482,3,7
2003,"B.Johnson",NA,NA,6.0556862745098,354,570,3811,26,21,28,26,0,5,38,32,3,27,0.621052631578947,12,39
2003,"B.Leftwich",-1.0043732219379,NA,9.83733333333333,239,418,2819,14,16,25,108,2,16,27,15,16,10,0.57177033492823,25,19
2003,"C.Chandler",-2.34559943771903,NA,5.98,101,175,969,3,7,13,31,0,38,39,30,38,28,0.577142857142857,20,26
2003,"C.Pennington",2.25838098381872,NA,12.776,189,297,2139,13,12,21,42,2,23,16,27,19,11,0.636363636363636,6,10
2003,"D. Brees",-5.75575141307244,NA,10.0745454545455,205,356,2108,11,15,21,84,0,25,25,18,25,29,0.575842696629214,21,35
2003,"D. Culpepper",4.34462560937538,1.0537428866997,19.5257142857143,295,454,3479,25,11,73,422,4,9,1,1,6,2,0.649779735682819,4,5
2003,"D. Flutie",1.21691728203426,0.0214690444242608,13.24,91,167,1097,9,4,33,168,2,34,14,9,28,12,0.544910179640719,33,14
2003,"D.Bledsoe",-2.08820715130053,NA,9.35857142857143,234,403,2603,11,9,23,29,2,19,31,31,26,13,0.580645161290323,17,23
2003,"D.Carr",-2.24090232546136,NA,9.80166666666667,167,295,2013,9,13,27,151,2,26,29,11,29,14,0.566101694915254,29,25
2003,"D.Johnson",-5.12582684895149,NA,8.23,136,243,1655,8,12,14,21,1,28,34,34,30,19,0.559670781893004,30,33
2003,"D.McNabb",0.104523168706985,0.728506683116051,13.59,275,478,3216,16,11,71,355,3,13,12,2,15,5,0.575313807531381,22,17
2003,"J.Blake",-5.6072158405982,NA,10.4292307692308,208,367,2247,13,15,30,177,2,21,24,7,20,15,0.566757493188011,28,34
2003,"J.Delhomme",1.17348332621245,NA,10.66625,266,449,3219,19,16,42,39,1,12,22,29,12,20,0.592427616926503,15,15
2003,"J.Fiedler",-0.756534941652938,NA,10.5266666666667,179,314,2138,12,13,34,88,3,24,23,16,23,6,0.570063694267516,26,18
2003,"J.Garcia",1.65786810195948,NA,17.2815384615385,225,392,2704,18,13,56,319,7,18,2,3,13,1,0.573979591836735,23,12
2003,"J.Harrington",-6.88431731325899,NA,9.42461538461538,260,474,2428,13,20,28,86,0,20,30,17,21,30,0.548523206751055,32,36
2003,"J.Kitna",3.00906097061606,NA,13.80875,324,520,3591,26,15,38,113,0,7,11,14,4,31,0.623076923076923,10,8
2003,"J.McCown",-2.23536812757654,NA,8.315,95,166,1018,5,6,28,158,1,36,33,10,35,21,0.572289156626506,24,24
2003,"J.Plummer",4.2568870092153,1.47468232244719,15.278,169,264,1962,14,7,34,183,3,27,7,6,17,7,0.640151515151515,5,6
2003,"K. Holcomb",-2.62809791826592,NA,9.128,105,154,1041,5,6,4,0,0,35,32,39,36,32,0.681818181818182,1,28
2003,"K.Boller",-4.0091422493491,NA,6.46,116,224,1260,7,9,30,62,0,32,37,24,31,33,0.517857142857143,37,32
2003,"K.Collins",-1.66734108204534,NA,10.8692307692308,284,500,3110,13,16,17,49,0,15,20,26,22,34,0.568,27,22
2003,"K.Stewart",-8.21796194440233,1.689098335366,13.01,121,236,1332,7,10,58,288,3,30,15,4,32,8,0.51271186440678,38,38
2003,"M.Bulger",2.32915628707109,NA,14.4866666666667,336,532,3845,22,22,29,75,4,3,8,21,11,3,0.631578947368421,7,9
2003,"M.Hasselbeck",4.80517165932935,NA,15.63375,313,513,3841,26,15,36,125,2,4,6,13,5,16,0.610136452241715,13,4
2003,"P.Manning",8.6089779632277,NA,16.8175,379,566,4267,29,10,28,26,0,1,4,33,2,35,0.669611307420495,2,1
2003,"P.Ramsey",-2.41558677837175,NA,11.8945454545455,179,337,2166,14,9,15,62,1,22,17,25,18,22,0.531157270029674,35,27
2003,"Q.Carter",-3.04023006898103,-0.284172606817146,11.86125,292,505,3302,17,21,68,257,2,11,18,5,14,17,0.578217821782178,19,29
2003,"R. Mirer",-8.05146770452575,NA,7.02333333333333,74,155,761,2,3,17,77,1,39,35,20,39,23,0.47741935483871,39,37
2003,"R.Gannon",-3.67105437028451,NA,9.82285714285714,125,225,1274,6,4,6,18,0,31,28,35,34,36,0.555555555555556,31,31
2003,"S.McNair",7.52496455669809,NA,17.2,250,400,3215,24,7,38,138,4,14,3,12,8,4,0.625,9,2
2003,"T. Green",6.23820306205535,NA,15.74125,330,523,4039,24,12,26,83,2,2,5,19,9,18,0.630975143403442,8,3
2003,"T. Maddox",-1.60595775837124,NA,10.7716666666667,236,407,2749,12,14,12,13,0,17,21,38,24,37,0.57985257985258,18,21
2003,"T.Brady",2.24887320972909,NA,13.44375,317,527,3620,23,12,42,63,1,6,13,23,10,24,0.601518026565465,14,11
2003,"T.Hasselbeck",-3.60404662796163,-1.32700052999592,6.65428571428571,95,177,1012,5,7,15,41,0,37,36,28,37,38,0.536723163841808,34,30
2003,"V.Testaverde",0.397775197013658,NA,11.5857142857143,123,198,1385,7,2,6,17,0,29,19,36,33,39,0.621212121212121,11,16
2004,"A.Brooks",1.33532023710492,-0.110245998324393,15.2375,309,542,3810,21,16,58,173,4,9,11,8,11,1,0.570110701107011,27,17
2004,"A.Feeley",-7.32531101043975,NA,8.27454545454546,191,356,1893,11,15,14,13,1,29,32,36,26,10,0.536516853932584,34,36
2004,"B.Favre",8.54167946325326,NA,15.945,346,540,4088,30,17,16,36,0,5,8,28,4,22,0.640740740740741,9,4
2004,"B.Griese",5.24445971289847,-2.15270911806289,14.2345454545455,233,336,2632,20,12,30,17,0,21,14,34,14,23,0.693452380952381,1,9
2004,"B.Leftwich",1.41393976884733,NA,13.41,267,441,2941,15,10,39,148,2,17,16,10,23,5,0.605442176870748,18,16
2004,"B.Roethlisberger",4.26285352769551,NA,11.9457142857143,196,295,2621,17,11,56,144,1,22,21,11,19,11,0.664406779661017,4,11
2004,"B.Volek",0.157205573777532,NA,15.844,218,357,2486,18,10,11,50,1,25,9,23,17,12,0.610644257703081,14,21
2004,"C.Hutchinson",-9.70316750314844,NA,7.904,92,161,903,4,3,6,14,0,37,33,35,37,24,0.571428571428571,24,37
2004,"C.Palmer",-2.29794012014553,NA,12.1984615384615,263,432,2897,18,18,18,47,1,19,20,24,18,13,0.608796296296296,16,26
2004,"C.Pennington",2.26327591088756,NA,12.8861538461538,242,370,2673,16,9,34,126,1,20,18,13,21,14,0.654054054054054,8,14
2004,"D.Bledsoe",-0.344057117899519,NA,9.93625,256,450,2932,20,16,22,37,0,18,27,27,15,25,0.568888888888889,28,23
2004,"D.Brees",8.34355525135487,-0.544625366562589,16.044,262,400,3159,27,7,53,85,2,15,6,17,7,6,0.655,7,5
2004,"D.Carr",2.09146040472204,-0.264961096523878,12.69625,285,466,3531,16,14,73,299,0,11,19,3,22,26,0.611587982832618,13,15
2004,"D.Culpepper",11.1867493292444,-0.842669215972381,23.33,379,548,4717,39,11,88,406,2,1,1,2,2,7,0.691605839416058,2,2
2004,"D.McNabb",7.93068883393496,NA,19.4,300,469,3875,31,8,41,220,3,8,3,4,3,2,0.639658848614073,10,6
2004,"E.Manning",-4.24415871316206,NA,6.1525,95,197,1043,6,9,6,35,0,36,37,30,34,27,0.482233502538071,37,30
2004,"J.Delhomme",4.24730554686518,NA,15.53375,310,533,3886,29,15,25,71,1,7,10,19,5,15,0.581613508442777,22,12
2004,"J.Fiedler",-5.31379503830524,NA,7.1675,101,190,1186,7,8,12,59,0,35,35,21,32,28,0.531578947368421,35,33
2004,"J.Garcia",-1.991289589308,NA,9.83090909090909,144,252,1731,10,9,35,169,2,30,29,9,28,8,0.571428571428571,25,25
2004,"J.Harrington",-3.66759806708145,NA,11.71125,274,489,3047,19,12,48,175,0,16,23,7,16,29,0.560327198364008,31,29
2004,"J.McCown",-3.12541006815322,NA,9.93857142857143,233,408,2511,11,10,36,112,2,24,26,14,27,9,0.571078431372549,26,27
2004,"J.Plummer",4.23673535243755,-0.856632563120254,15.985,303,521,4089,27,20,62,202,1,4,7,5,8,16,0.581573896353167,23,13
2004,"K.Boller",-4.78981865529515,-0.592339700822259,9.07875,258,464,2559,13,11,53,189,1,23,31,6,25,17,0.556034482758621,32,31
2004,"K.Collins",-0.150326277600226,NA,12.9571428571429,289,513,3495,21,20,16,36,0,13,17,29,12,30,0.563352826510721,30,22
2004,"K.Dorsey",-6.65739624874563,NA,6.2425,123,226,1231,6,9,5,7,0,33,36,37,35,31,0.544247787610619,33,35
2004,"K.Warner",0.670497095744076,NA,9.916,174,277,2054,6,4,13,30,1,28,28,31,36,18,0.628158844765343,11,18
2004,"M.Brunell",-6.62639906231153,NA,7.32888888888889,118,237,1194,7,6,19,62,0,34,34,20,33,32,0.49789029535865,36,34
2004,"M.Bulger",5.45200250361656,NA,16.8185714285714,321,485,3964,21,14,19,89,3,6,4,16,13,3,0.661855670103093,6,8
2004,"M.Hasselbeck",4.29387132583427,NA,14.8771428571429,279,474,3382,22,15,27,90,1,14,12,15,10,19,0.588607594936709,21,10
2004,"M.Vick",-5.04514785397653,3.2290085661356,14.5813333333333,181,321,2313,14,12,120,902,3,26,13,1,24,4,0.56386292834891,29,32
2004,"P.Manning",13.8435282699966,NA,22.505,336,497,4557,49,10,25,38,0,3,2,25,1,33,0.676056338028169,3,1
2004,"P.Ramsey",-0.728028113591987,NA,9.38888888888889,169,272,1665,10,11,10,19,0,31,30,33,29,34,0.621323529411765,12,24
2004,"S.McNair",0.5799617789013,NA,10.315,129,215,1343,8,9,23,128,1,32,25,12,31,20,0.6,19,20
2004,"T.Brady",7.53567668493815,NA,14.03,288,474,3692,28,14,43,28,0,10,15,32,6,35,0.607594936708861,17,7
2004,"T.Green",9.37140715456326,NA,16.25875,369,556,4591,27,17,25,85,0,2,5,18,9,36,0.663669064748201,5,3
2004,"T.Rattay",-3.37925420998455,NA,11.8066666666667,198,325,2169,10,10,12,55,0,27,22,22,30,37,0.609230769230769,15,28
2004,"V.Testaverde",0.658966399360567,NA,10.7825,296,494,3518,17,20,21,38,1,12,24,26,20,21,0.59919028340081,20,19
2005,"A.Brooks",-0.000410226133778835,0.937535254499829,13.0292307692308,240,431,2882,13,17,45,281,2,16,16,4,22,6,0.556844547563805,34,19
2005,"A.Smith",NA,NA,3.8625,84,165,875,1,11,196,762,3,42,42,1,42,2,0.509090909090909,40,40
2005,"A.Wright",-3.25567478789852,NA,9.26,164,266,1582,6,9,18,68,0,30,31,20,35,25,0.616541353383459,15,32
2005,"B.Bollinger",-4.50270433863705,NA,8.19272727272727,150,266,1558,7,6,34,138,0,32,35,11,32,26,0.56390977443609,33,35
2005,"B.Favre",-0.0364978763628573,NA,10.84,372,607,3881,20,29,18,62,0,3,24,23,10,27,0.612850082372323,17,20
2005,"B.Griese",-1.43446782685036,-1.01774602434277,9.77333333333333,112,174,1136,7,7,13,12,0,38,28,40,33,28,0.64367816091954,9,27
2005,"B.Johnson",NA,NA,5.76129032258065,183,293,1885,12,4,20,58,0,27,41,25,23,29,0.62457337883959,14,41
2005,"B.Leftwich",2.56848255027725,NA,13.42,175,302,2123,15,5,31,67,2,24,13,21,18,7,0.579470198675497,30,14
2005,"B.Roethlisberger",6.03608022587105,NA,14.025,168,268,2385,17,9,31,69,3,21,9,19,14,3,0.626865671641791,12,6
2005,"C.Frye",-5.10470631466016,NA,7.05428571428571,98,165,1002,4,6,17,53,1,40,39,27,39,10,0.593939393939394,25,36
2005,"C.Palmer",7.52843894716295,NA,16.615,345,509,3836,32,12,33,44,1,4,2,33,1,11,0.677799607072692,2,2
2005,"C.Simms",-2.34284388237488,NA,9.29090909090909,191,313,2035,10,7,20,31,0,25,30,35,28,30,0.610223642172524,18,29
2005,"D.Bledsoe",3.10226594202858,NA,12.91,300,499,3639,23,17,34,50,2,8,18,29,8,8,0.601202404809619,23,11
2005,"D.Brees",4.00073465612897,NA,13.12125,323,500,3576,24,15,21,49,1,9,15,30,4,12,0.646,7,9
2005,"D.Carr",-4.24434244601108,NA,10.02,256,423,2488,14,11,56,308,1,19,27,3,20,13,0.605200945626478,20,33
2005,"D.Culpepper",-4.37218410906802,-0.0682091194321401,11.2371428571429,139,216,1564,6,12,24,141,1,31,22,8,36,14,0.643518518518518,10,34
2005,"D.Garrard",NA,NA,13.5971428571429,98,168,1117,4,1,29,185,3,39,12,5,40,4,0.583333333333333,29,42
2005,"D.McNabb",1.73628408943183,NA,17.0866666666667,211,357,2507,16,9,25,55,1,18,1,26,16,15,0.591036414565826,26,16
2005,"E.Manning",2.60442641711756,NA,14.03,294,557,3762,24,17,29,80,1,5,8,17,5,16,0.527827648114901,38,13
2005,"G.Frerotte",-0.501083920696052,NA,10.24625,257,494,2996,18,13,27,61,0,15,26,24,12,31,0.520242914979757,39,22
2005,"J.Delhomme",3.16144351908811,NA,12.37125,262,435,3421,24,16,24,31,1,11,20,36,6,17,0.602298850574713,22,10
2005,"J.Garcia",-3.21195183647913,0.0487650206778198,8.09666666666667,102,173,937,3,6,17,51,1,41,37,28,41,18,0.589595375722543,27,31
2005,"J.Harrington",-3.17976404944928,NA,8.70333333333333,188,330,2021,12,12,25,80,0,26,33,18,24,32,0.56969696969697,32,30
2005,"J.Losman",-5.170382216476,-0.17289102360438,8.75555555555556,114,228,1340,8,8,32,152,0,34,32,7,31,33,0.5,41,37
2005,"J.Martin",-0.449929423406025,NA,7.21,124,177,1277,5,7,9,6,0,35,38,42,37,34,0.700564971751412,1,21
2005,"J.McCown",-1.30122106131028,NA,10.5755555555556,163,270,1832,9,11,29,139,0,28,25,9,30,35,0.603703703703704,21,26
2005,"J.Plummer",4.28297100774935,NA,13.64,277,456,3366,18,7,45,156,2,12,11,6,13,9,0.607456140350877,19,8
2005,"K.Boller",-1.29180722032414,-0.576495984181141,11.1733333333333,171,293,1799,11,12,23,66,1,29,23,22,25,19,0.583617747440273,28,25
2005,"K.Collins",0.843244570587605,NA,13.8773333333333,302,566,3759,20,13,18,38,1,6,10,34,11,20,0.53356890459364,37,17
2005,"K.Holcomb",0.562502475402629,NA,8.146,155,230,1509,10,8,18,11,1,33,36,41,29,21,0.673913043478261,3,18
2005,"K.Orton",-5.26500179323053,NA,6.455,122,225,1186,7,9,11,22,0,36,40,39,34,36,0.542222222222222,36,38
2005,"K.Warner",3.08159505174245,NA,12.932,242,375,2713,11,9,13,28,0,17,17,38,26,37,0.645333333333333,8,12
2005,"M.Brunell",2.04820401706804,NA,12.19375,262,454,3050,23,10,42,111,0,14,21,14,9,38,0.577092511013216,31,15
2005,"M.Bulger",6.44458906414817,NA,16.11,192,287,2297,14,9,9,29,0,23,3,37,21,39,0.668989547038328,5,4
2005,"M.Hasselbeck",6.2193421379103,NA,14.4125,294,450,3455,24,10,36,124,1,10,7,13,7,22,0.653333333333333,6,5
2005,"M.McMahon",-6.16888681148297,-0.0290390320676864,8.53555555555556,94,207,1158,5,8,32,125,3,37,34,12,38,5,0.454106280193237,42,39
2005,"M.Vick",-1.01216253569534,2.44061897738777,14.5386666666667,214,387,2412,15,13,101,610,6,20,6,2,19,1,0.55297157622739,35,24
2005,"P.Manning",11.223398209535,NA,15.14875,305,453,3747,28,10,33,45,0,7,5,32,2,40,0.673289183222958,4,1
2005,"S.McNair",-0.671414103146159,0.267387935237247,12.8814285714286,292,476,3161,16,11,32,139,1,13,19,10,17,23,0.613445378151261,16,23
2005,"T.Brady",7.06091061218538,NA,15.58125,334,530,4110,26,14,27,89,1,1,4,15,3,24,0.630188679245283,11,3
2005,"T.Dilfer",-2.23008724765661,NA,9.40363636363636,199,333,2321,11,12,20,46,0,22,29,31,27,41,0.597597597597598,24,28
2005,"T.Green",4.80452065003052,NA,13.1725,317,507,4014,17,10,35,82,0,2,14,16,15,42,0.625246548323471,13,7
2006,"A.Brooks",NA,-1.1769153305504,5.825,110,192,1105,3,8,22,124,0,39,38,11,38,18,0.572916666666667,27,36
2006,"A.Smith",NA,NA,7.505,259,443,2901,16,15,41,151,2,16,36,9,19,5,0.584650112866817,24,37
2006,"A.Walter",-8.50694326529526,NA,3.17333333333333,147,276,1677,3,13,14,30,0,31,39,31,39,19,0.532608695652174,35,35
2006,"B.Favre",-0.161458954411887,NA,11.8875,343,613,3885,18,18,23,28,1,6,18,32,13,13,0.559543230016313,31,17
2006,"B.Gradkowski",-6.50062762935084,NA,6.81076923076923,177,328,1661,9,9,41,161,0,32,37,7,32,20,0.539634146341463,34,33
2006,"B.Johnson",-4.72463162160059,NA,8.41333333333333,270,439,2750,10,15,30,82,1,19,34,21,27,14,0.61503416856492,17,32
2006,"B.Leftwich",0.398327954720444,NA,13.4033333333333,109,184,1158,7,5,25,41,2,38,11,26,34,6,0.592391304347826,23,14
2006,"B.Roethlisberger",0.622769727332111,NA,12.328,281,470,3528,18,23,32,98,2,8,15,19,14,7,0.597872340425532,22,13
2006,"C.Frye",-6.5238617999865,0.416332034577723,9.95846153846154,251,391,2449,10,17,47,215,3,23,31,4,28,3,0.641943734015345,7,34
2006,"C.Palmer",3.88683514169092,NA,14.80875,324,520,4036,28,13,26,35,0,5,6,28,2,21,0.623076923076923,12,5
2006,"C.Pennington",1.54654991745942,NA,10.82375,313,485,3352,17,16,36,111,0,10,25,15,17,22,0.645360824742268,4,12
2006,"D.Bledsoe",-1.51745531988081,NA,11.8933333333333,90,169,1164,7,8,8,28,2,37,17,33,35,8,0.532544378698225,36,22
2006,"D.Brees",7.76502929031079,NA,16.26,357,555,4424,26,11,41,32,0,1,4,30,3,23,0.643243243243243,5,2
2006,"D.Carr",-2.87739576243233,NA,9.36875,302,442,2765,11,12,54,193,2,18,32,6,23,9,0.683257918552036,1,28
2006,"D.Garrard",-1.81416142995237,0.948942668479867,11.24,145,241,1735,10,9,47,250,0,30,21,3,29,24,0.601659751037344,21,25
2006,"D.Huard",3.24785323621206,NA,10.742,148,244,1878,11,1,9,9,0,28,26,37,24,25,0.60655737704918,20,8
2006,"D.McNabb",3.67047776486894,NA,19.968,180,316,2612,18,6,32,212,3,20,1,5,15,4,0.569620253164557,28,6
2006,"E.Manning",-0.421262726773373,NA,11.99125,301,522,3244,25,18,25,21,0,11,16,34,4,26,0.576628352490421,25,18
2006,"J.Campbell",-0.43834296605654,1.16952713742492,13.0114285714286,110,207,1297,10,6,23,112,0,36,13,13,30,27,0.531400966183575,37,19
2006,"J.Delhomme",-0.124586747235822,NA,11.6461538461538,263,431,2805,17,11,18,12,0,17,20,36,18,28,0.610208816705336,19,16
2006,"J.Garcia",1.95720667797959,NA,11.8825,116,188,1309,10,2,25,87,0,35,19,20,31,29,0.617021276595745,16,10
2006,"J.Harrington",-3.84522626593965,NA,10.2854545454545,223,388,2236,12,15,19,17,0,25,29,35,21,30,0.574742268041237,26,30
2006,"J.Kitna",-2.12446975579611,NA,13.62,372,596,4208,21,22,34,156,2,4,8,8,9,10,0.624161073825503,11,26
2006,"J.Losman",-1.57636345025278,NA,11,269,430,3050,19,14,38,140,1,13,24,10,11,15,0.625581395348837,10,23
2006,"J.Plummer",-2.17708881363499,NA,9.24666666666667,175,317,1994,11,13,36,112,1,27,33,14,25,16,0.55205047318612,32,27
2006,"K.Warner",1.72882066389827,NA,10.5633333333333,108,168,1377,6,5,13,3,0,33,28,38,37,31,0.642857142857143,6,11
2006,"M.Brunell",NA,NA,10.096,162,261,1789,8,4,13,34,0,29,30,29,33,32,0.620689655172414,13,38
2006,"M.Bulger",3.44881068335614,NA,15.7775,370,588,4301,24,8,18,44,0,3,5,24,5,33,0.629251700680272,9,7
2006,"M.Hasselbeck",-0.814542927575392,NA,12.39,210,371,2442,18,15,18,110,0,24,14,16,16,34,0.566037735849057,30,20
2006,"M.Leinart",0.308336100729273,NA,11.1733333333333,213,376,2542,11,12,23,44,2,21,22,25,26,11,0.566489361702128,29,15
2006,"M.Vick",-4.18695705891734,3.31046067582279,16.435,205,389,2474,20,13,123,1039,2,22,3,1,10,12,0.526992287917738,38,31
2006,"P.Manning",11.4095395252285,NA,19.3425,362,557,4397,31,9,23,36,4,2,2,27,1,2,0.649910233393178,3,1
2006,"P.Rivers",5.35023890492073,-0.817822522180039,13.04875,284,460,3387,22,9,47,53,0,9,12,23,8,35,0.617391304347826,15,3
2006,"R.Grossman",-1.69117142149473,NA,10.605,262,480,3197,23,20,24,2,0,12,27,39,7,36,0.545833333333333,33,24
2006,"S.McNair",2.47617814572303,NA,11.11875,295,468,3050,16,12,45,119,1,14,23,12,20,17,0.63034188034188,8,9
2006,"T.Brady",4.22843813763155,NA,13.72,320,517,3533,24,12,49,102,0,7,7,17,6,37,0.618955512572534,14,4
2006,"T.Green",-0.928938554144,-0.725755001421678,7.9475,121,198,1342,7,9,19,59,0,34,35,22,36,38,0.611111111111111,18,21
2006,"T.Romo",NA,NA,13.4092307692308,220,337,2903,19,13,34,102,0,15,10,18,12,39,0.652818991097923,2,39
2006,"V.Young",-3.14038045341556,NA,13.5506666666667,184,356,2199,12,13,82,553,7,26,9,2,22,1,0.51685393258427,39,29
2007,"A.Smith",NA,NA,4.598,94,193,914,2,4,13,89,0,41,41,16,40,21,0.487046632124352,41,39
2007,"B.Croyle",-3.69397052397697,NA,6.32,127,224,1227,6,6,7,18,0,34,38,34,33,22,0.566964285714286,31,31
2007,"B.Favre",7.16408880401189,NA,15.2125,356,535,4155,28,15,29,12,0,4,8,37,6,23,0.665420560747664,4,4
2007,"B.Griese",-0.0118140260710615,-0.616435218080735,12.7028571428571,161,262,1803,10,12,13,28,0,25,13,30,22,24,0.614503816793893,23,19
2007,"B.Roethlisberger",5.14983453870679,NA,17.3813333333333,265,405,3158,32,11,35,204,2,14,3,5,3,7,0.654320987654321,7,6
2007,"C.Lemon",-2.00114493040246,NA,12.2355555555556,173,309,1773,6,6,33,92,4,26,15,15,34,1,0.559870550161812,36,24
2007,"C.Palmer",3.76251167956442,NA,14.2625,373,575,4130,26,20,24,10,0,5,11,38,10,25,0.648695652173913,9,9
2007,"C.Pennington",-0.274382169249047,-0.181503225748505,11.3155555555556,179,260,1766,10,9,20,32,1,27,21,28,23,10,0.688461538461538,2,20
2007,"D.Anderson",NA,NA,12.0495652173913,298,527,3786,29,19,31,71,3,9,16,18,5,2,0.565464895635674,32,40
2007,"D.Brees",3.25018922594834,NA,16.07,440,652,4423,28,18,24,52,1,2,5,21,7,11,0.674846625766871,3,13
2007,"D.Culpepper",0.0628253111786584,NA,11.4114285714286,108,185,1332,5,5,20,46,3,33,20,25,35,3,0.583783783783784,28,18
2007,"D.Garrard",6.55546520625512,NA,15.7133333333333,208,325,2509,18,3,50,182,1,18,6,7,15,12,0.64,12,5
2007,"D.Huard",-2.39152338988526,NA,9.28909090909091,206,332,2257,11,13,9,-1,0,21,27,40,20,26,0.620481927710843,20,25
2007,"D.McNabb",2.54215864991056,-0.276999174012287,15.1828571428571,291,473,3324,20,7,50,236,0,13,9,3,13,27,0.615221987315011,22,14
2007,"E.Manning",-3.17180762945727,NA,11.52125,297,528,3336,23,20,30,69,1,12,19,19,11,13,0.5625,34,30
2007,"G.Frerotte",-6.1049621013276,NA,5.6075,94,167,1014,7,12,6,3,0,39,40,39,29,28,0.562874251497006,33,36
2007,"J.Campbell",1.30924551209406,-0.206975885292748,11.2769230769231,250,417,2700,12,11,37,186,1,16,22,6,19,14,0.599520383693046,26,16
2007,"J.Cutler",3.51702596647583,NA,13.14875,297,467,3497,20,14,44,205,1,10,12,4,14,15,0.635974304068523,14,10
2007,"J.Garcia",3.77616879931885,NA,11.9384615384615,209,327,2440,13,4,35,116,1,19,17,10,18,16,0.63914373088685,13,8
2007,"J.Harrington",-3.16939009702994,NA,8.69166666666667,215,348,2215,7,8,14,33,0,23,29,26,30,29,0.617816091954023,21,29
2007,"J.Kitna",-1.40820881468875,NA,11.865,355,562,4066,18,21,27,63,0,6,18,20,16,30,0.631672597864769,16,23
2007,"J.Losman",-2.84679768611215,NA,7.395,111,175,1204,4,6,20,110,0,35,33,12,38,31,0.634285714285714,15,28
2007,"J.McCown",-2.64675457777138,NA,8.10444444444444,111,191,1151,10,11,28,149,0,37,31,8,24,32,0.581151832460733,30,26
2007,"K.Boller",-2.75690550383242,NA,7.21833333333333,168,275,1743,9,10,19,89,0,28,34,17,25,33,0.610909090909091,24,27
2007,"K.Clemens",-5.03414007007058,NA,7.626,130,250,1529,5,10,27,111,1,31,32,11,36,17,0.52,39,34
2007,"K.Warner",3.3648675698847,NA,14.7042857142857,282,452,3409,27,17,17,15,1,11,10,35,9,18,0.623893805309734,18,12
2007,"M.Bulger",-3.99491289558972,NA,8.74833333333333,221,378,2392,11,15,9,13,0,20,28,36,21,34,0.584656084656085,27,32
2007,"M.Hasselbeck",4.1146422501781,NA,15.39625,352,562,3966,28,12,39,97,0,8,7,14,8,35,0.626334519572954,17,7
2007,"M.Schaub",0.769681193987246,NA,9.71272727272727,192,289,2241,9,9,17,52,0,22,26,22,26,36,0.664359861591695,5,17
2007,"P.Manning",9.6446709392701,NA,17.19375,337,515,4040,31,14,20,-5,3,7,4,41,4,4,0.654368932038835,6,2
2007,"P.Rivers",1.91503922730746,NA,11.08625,277,460,3152,21,15,29,33,1,15,23,27,12,19,0.602173913043478,25,15
2007,"R.Grossman",-6.28712652610318,NA,6.8425,122,225,1411,4,7,13,23,0,32,36,32,39,37,0.542222222222222,38,37
2007,"S.McNair",-6.03862046422416,NA,5.62,133,205,1113,2,4,10,32,0,38,39,29,41,38,0.648780487804878,8,35
2007,"S.Rosenfels",3.44763900436321,NA,12.2733333333333,154,240,1684,15,12,21,51,1,29,14,23,17,20,0.641666666666667,11,11
2007,"T.Brady",15.6267598736476,NA,24.3775,398,578,4806,50,8,37,98,2,1,1,13,1,8,0.688581314878893,1,1
2007,"T.Dilfer",-12.667641567332,NA,7.02,113,219,1166,7,12,10,25,0,36,35,31,31,39,0.515981735159817,40,38
2007,"T.Edwards",-4.19233145652147,NA,8.21,151,269,1630,7,8,14,49,0,30,30,24,32,40,0.561338289962825,35,33
2007,"T.Jackson",-0.61500918203041,NA,10.87,171,294,1911,9,12,54,260,3,24,24,2,27,5,0.581632653061224,29,21
2007,"T.Romo",8.74928891483754,NA,18.4775,335,520,4211,36,19,28,132,2,3,2,9,2,9,0.644230769230769,10,3
2007,"V.Testaverde",NA,NA,6.52,94,172,936,5,6,9,22,0,40,37,33,37,41,0.546511627906977,37,41
2007,"V.Young",-0.880993232166451,-0.430619270353724,10.356,238,382,2546,9,17,93,395,3,17,25,1,28,6,0.62303664921466,19,22
2008,"A.Rodgers",4.87091623311109,0.431992878793608,18.13875,341,536,4038,28,13,56,207,4,4,2,6,4,1,0.636194029850746,11,8
2008,"B.Favre",1.28390384304587,NA,11.94875,343,522,3472,22,22,21,43,1,11,20,25,9,15,0.657088122605364,6,19
2008,"B.Griese",-4.61717744299724,NA,9.364,110,184,1073,5,7,5,-1,0,36,29,34,35,24,0.597826086956522,23,31
2008,"B.Roethlisberger",-0.396278154649991,NA,11.16625,282,470,3314,17,15,34,101,2,14,23,16,15,5,0.6,22,25
2008,"C.Pennington",5.62621510875738,NA,13.62,321,476,3653,19,7,31,58,1,9,14,22,12,16,0.67436974789916,1,6
2008,"D.Anderson",NA,NA,5.34,142,283,1615,9,8,26,61,0,32,36,21,30,25,0.501766784452297,36,36
2008,"D.Brees",10.0949683880239,NA,18.91625,413,635,5069,34,17,22,-1,0,1,1,35,1,26,0.650393700787402,9,1
2008,"D.Garrard",0.916344080764026,1.39584670036246,13.525,335,535,3620,15,13,73,322,2,10,15,2,17,6,0.626168224299065,14,21
2008,"D.McNabb",3.74701436125649,NA,15.23375,345,571,3916,23,11,38,151,2,7,12,9,8,7,0.604203152364273,19,10
2008,"D.Orlovsky",-1.73803606509076,NA,8.754,143,255,1616,8,8,7,29,0,31,33,29,31,27,0.56078431372549,32,28
2008,"E.Manning",2.89245866360286,NA,12.4075,289,479,3238,21,10,20,10,1,17,17,32,10,17,0.603340292275574,20,15
2008,"G.Frerotte",-2.88925605723698,NA,9.90727272727273,178,301,2157,12,15,19,7,1,27,28,33,24,18,0.591362126245847,26,29
2008,"J.Campbell",0.0375066892077346,NA,12.475,315,506,3245,13,6,47,258,1,16,16,5,22,19,0.622529644268775,16,23
2008,"J.Cutler",7.97675774726763,-0.184930723167781,17.3125,384,616,4525,25,18,57,200,2,3,4,7,7,8,0.623376623376623,15,4
2008,"J.Delhomme",2.41364847853122,NA,10.96625,246,414,3284,15,12,20,21,2,15,25,30,18,9,0.594202898550725,24,16
2008,"J.Flacco",-0.39544012529371,NA,11.4525,257,428,2971,14,12,52,181,2,20,21,8,20,10,0.600467289719626,21,24
2008,"J.Garcia",3.44203956505339,NA,13.6316666666667,244,377,2712,12,6,34,151,1,22,13,10,25,20,0.647214854111406,10,12
2008,"J.O'Sullivan",-6.17134200919946,NA,9.06888888888889,128,220,1678,8,11,30,145,0,30,32,11,32,28,0.581818181818182,30,34
2008,"J.Russell",-3.88543759514941,NA,9.17466666666667,198,367,2423,13,8,18,127,1,26,30,12,23,21,0.539509536784741,34,30
2008,"K.Collins",1.77066749151311,NA,9.13375,243,416,2681,12,7,25,49,0,24,31,23,26,29,0.584134615384615,28,17
2008,"K.Orton",-1.46720615928194,NA,12.404,273,466,2979,19,12,24,49,3,19,18,24,13,2,0.585836909871245,27,27
2008,"K.Warner",7.14573567625639,NA,16.3175,402,599,4582,30,14,18,-2,0,2,5,36,3,30,0.671118530884808,2,5
2008,"M.Bulger",-5.34886373619559,NA,8.32533333333333,252,441,2727,11,13,14,41,0,21,34,26,27,31,0.571428571428571,31,33
2008,"M.Cassel",4.76858297418464,0.700208166082263,15.30125,328,518,3693,21,11,76,271,2,8,11,4,11,11,0.633204633204633,12,9
2008,"M.Hasselbeck",-5.12744105661089,NA,7.93428571428572,109,209,1216,5,10,11,69,0,35,35,19,36,32,0.521531100478469,35,32
2008,"M.Ryan",5.06054870286651,-0.48152298314878,12.25,265,434,3440,16,11,55,104,1,13,19,15,16,22,0.610599078341014,18,7
2008,"M.Schaub",3.21413975152108,NA,15.8654545454545,251,380,3043,15,10,31,68,2,18,8,20,19,12,0.660526315789474,5,13
2008,"P.Manning",9.03339818109206,NA,15.88625,371,555,4002,27,12,20,21,1,6,7,31,5,23,0.668468468468468,3,2
2008,"P.Rivers",8.39372951281129,NA,17.41,312,478,4004,34,11,31,84,0,5,3,17,2,33,0.652719665271967,8,3
2008,"R.Fitzpatrick",-6.41032682114863,0.33330092185012,10.1916666666667,221,372,1905,8,9,60,304,2,29,26,3,33,13,0.594086021505376,25,35
2008,"S.Hill",3.00035327302308,0.221658765707091,15.9266666666667,181,288,2046,14,8,24,115,2,28,6,14,21,14,0.628472222222222,13,14
2008,"S.Rosenfels",1.04960686129631,NA,10.1566666666667,116,174,1431,6,10,11,37,0,34,27,28,34,34,0.666666666666667,4,20
2008,"S.Wallace",1.73351761361046,NA,11.2311111111111,141,242,1532,11,3,16,78,0,33,22,18,28,35,0.582644628099174,29,18
2008,"T.Edwards",0.743821509887925,NA,10.9757142857143,245,374,2699,11,10,36,117,3,23,24,13,29,3,0.655080213903743,7,22
2008,"T.Romo",3.70793011999407,-2.39211573779381,15.6938461538462,276,451,3448,26,14,28,41,0,12,9,27,6,36,0.611973392461197,17,11
2008,"T.Thigpen",-1.24038107011073,0.788109843997518,15.4728571428571,230,420,2608,18,12,62,386,3,25,10,1,14,4,0.547619047619048,33,26
2009,"A.Rodgers",7.63901346021307,0.403357520840803,21.36,350,541,4434,30,7,59,304,5,4,1,2,4,1,0.646950092421442,9,7
2009,"A.Smith",NA,NA,9.1875,225,372,2350,18,12,24,51,0,24,27,27,19,21,0.604838709677419,19,38
2009,"B.Favre",8.41400319373253,NA,17.66125,364,532,4202,33,7,9,7,0,9,4,38,2,22,0.684210526315789,3,6
2009,"B.Gradkowski",-0.634328889240836,NA,9.01142857142857,82,150,1007,6,3,18,108,0,35,28,11,31,23,0.546666666666667,33,21
2009,"B.Quinn",-5.08349004491288,NA,8.316,136,256,1339,8,7,20,98,1,31,33,16,29,11,0.53125,37,31
2009,"B.Roethlisberger",5.85256054923242,0.0684966018927904,17.8013333333333,337,506,4328,26,12,41,79,2,7,3,19,11,5,0.66600790513834,5,9
2009,"C.Henne",0.97443414772437,NA,10.3085714285714,274,451,2878,12,14,16,32,1,22,24,33,24,12,0.607538802660754,16,18
2009,"C.Palmer",2.97996644424833,NA,13.06625,282,466,3094,21,13,39,93,3,18,18,17,15,2,0.605150214592275,18,14
2009,"D.Anderson",NA,NA,2.66,81,182,888,3,10,10,8,2,39,39,37,36,6,0.445054945054945,39,39
2009,"D.Brees",10.5209321324618,NA,19.4946666666667,363,514,4388,34,11,22,33,2,6,2,32,1,7,0.706225680933852,1,3
2009,"D.Culpepper",-2.92160547103474,NA,5.8625,89,157,945,3,6,18,91,0,36,36,18,37,24,0.56687898089172,25,23
2009,"D.Garrard",-0.540867236134794,0.249985152502028,13.76125,314,516,3597,15,10,77,323,3,16,14,1,22,3,0.608527131782946,15,20
2009,"D.McNabb",2.75888015102229,NA,16.7371428571429,267,443,3553,22,10,36,141,2,17,10,8,13,8,0.602708803611738,20,15
2009,"E.Manning",5.51421047417193,NA,14.45875,317,509,4021,27,14,17,65,0,10,12,23,8,25,0.62278978388998,13,10
2009,"J.Campbell",0.0786741574026345,NA,13.645,327,507,3618,20,15,47,236,1,14,15,4,18,13,0.644970414201183,10,19
2009,"J.Cutler",-3.05062791674134,0.127014904707283,14.24,336,555,3666,27,26,41,172,1,13,13,6,9,14,0.605405405405405,17,24
2009,"J.Delhomme",-5.29533690754281,NA,7.14545454545455,178,321,2015,8,18,17,60,0,26,35,26,30,26,0.554517133956386,30,32
2009,"J.Flacco",3.24055570172333,NA,12.92,315,499,3613,21,12,34,62,0,15,19,24,16,27,0.6312625250501,11,13
2009,"J.Freeman",-5.86203604032672,0.136648288730066,9.448,159,291,1857,10,18,31,162,0,28,26,7,26,28,0.54639175257732,34,34
2009,"J.Russell",-10.0592674716352,NA,2.83166666666667,120,246,1287,3,11,19,45,0,32,38,30,38,29,0.48780487804878,38,37
2009,"K.Boller",-9.79750423098077,NA,5.65142857142857,98,176,899,3,6,13,76,0,38,37,20,39,30,0.556818181818182,29,36
2009,"K.Collins",-2.41650855278457,-0.835392781092586,8.64285714285714,119,216,1225,6,8,12,15,1,33,31,35,32,15,0.550925925925926,31,22
2009,"K.Orton",1.89121062119132,NA,13.44875,336,541,3802,21,12,24,71,0,11,16,21,17,31,0.621072088724584,14,17
2009,"K.Warner",3.53115277349476,NA,14.6213333333333,340,514,3758,27,14,21,10,0,12,11,36,10,32,0.66147859922179,6,11
2009,"M.Bulger",-4.27745024694641,NA,7.44,140,247,1469,5,6,8,22,0,29,34,34,34,33,0.566801619433198,26,28
2009,"M.Cassel",-5.50381853552751,-1.84741643753457,10.9706666666667,272,494,2924,16,16,50,196,0,20,23,5,21,34,0.550607287449393,32,33
2009,"M.Hasselbeck",-3.87134507925731,NA,11.5042857142857,293,488,3029,17,17,26,119,0,19,21,10,20,35,0.600409836065574,22,26
2009,"M.Ryan",3.40786466691011,NA,13.11,263,451,2916,22,14,30,49,1,21,17,29,14,16,0.583148558758315,24,12
2009,"M.Sanchez",-4.70885491911076,NA,8.824,196,363,2444,12,20,36,106,3,23,30,13,25,4,0.539944903581267,35,30
2009,"M.Schaub",8.47731636633004,-0.794656357186336,17.55625,396,583,4770,29,15,47,61,0,1,5,25,5,36,0.679245283018868,4,4
2009,"M.Stafford",-7.34178947184779,NA,12.548,201,377,2267,13,20,21,108,2,25,20,12,23,9,0.53315649867374,36,35
2009,"P.Manning",10.8839726968682,NA,17.41875,393,571,4500,33,16,19,-13,0,2,6,39,3,37,0.688266199649737,2,1
2009,"P.Rivers",10.5418285276667,NA,16.8225,317,486,4254,28,9,26,50,1,8,9,28,6,17,0.652263374485597,8,2
2009,"R.Fitzpatrick",-4.45561711784909,NA,8.898,127,227,1422,9,10,31,141,1,30,29,9,28,18,0.559471365638767,28,29
2009,"S.Hill",-3.10526693658777,NA,9.78666666666667,87,155,943,5,2,8,70,0,37,25,22,35,38,0.561290322580645,27,25
2009,"T.Brady",8.46001264784741,NA,16.895,371,565,4398,28,13,29,44,1,5,8,31,7,19,0.656637168141593,7,5
2009,"T.Edwards",-4.0051241043212,NA,8.42,110,183,1169,6,7,14,106,0,34,32,14,33,39,0.601092896174863,21,27
2009,"T.Romo",7.06424412212736,NA,17.11375,347,550,4483,26,9,35,105,1,3,7,15,12,20,0.630909090909091,12,8
2009,"V.Young",2.73665744679418,0.59419069178185,11.4383333333333,152,259,1879,10,7,55,281,2,27,22,3,27,10,0.586872586872587,23,16
2010,"A.Rodgers",7.82377861385439,0.888529341496614,20.2986666666667,312,475,3922,28,11,64,356,4,7,2,3,6,3,0.656842105263158,7,4
2010,"A.Smith",NA,NA,10.3923076923077,204,342,2370,14,10,19,57,0,27,29,23,24,14,0.596491228070175,25,34
2010,"B.Favre",-3.4125910637275,NA,7.47384615384615,217,358,2509,11,19,17,8,0,25,34,34,29,15,0.606145251396648,21,31
2010,"B.Gradkowski",-3.61526469807226,NA,8.41,83,157,1059,5,7,12,41,0,36,33,28,35,16,0.528662420382166,34,32
2010,"B.Roethlisberger",6.55879958675328,0.645091817678607,17.4666666666667,240,389,3200,17,5,34,176,2,18,6,8,19,6,0.616966580976864,16,5
2010,"C.Henne",-0.207037451390163,NA,10.3413333333333,302,491,3298,15,19,35,52,0,15,30,25,23,17,0.615071283095723,17,25
2010,"C.McCoy",0.0439931047420341,NA,11.2425,135,222,1576,6,9,28,136,1,32,26,11,34,7,0.608108108108108,20,24
2010,"C.Palmer",2.25013178282081,NA,13.9875,362,586,3970,26,20,32,50,0,6,21,27,9,18,0.617747440273038,15,19
2010,"D.Anderson",NA,NA,5.04,169,327,2065,7,10,5,25,0,29,35,32,32,19,0.516819571865443,36,35
2010,"D.Brees",5.37166575257129,NA,16.825,448,658,4620,33,22,18,-3,0,3,7,36,2,20,0.680851063829787,2,8
2010,"D.Garrard",1.50966573130106,NA,15.8042857142857,236,366,2734,23,15,66,279,5,23,11,4,13,2,0.644808743169399,8,21
2010,"D.McNabb",-0.575079952043603,NA,13.3984615384615,275,472,3377,14,15,29,151,0,14,23,9,25,21,0.582627118644068,29,26
2010,"E.Manning",2.63919765373656,NA,14.4425,339,539,4002,31,25,32,70,0,5,19,19,4,22,0.628942486085343,10,14
2010,"J.Campbell",1.08866702346705,NA,12.1292307692308,194,329,2387,13,8,47,222,1,26,24,7,27,8,0.589665653495441,27,22
2010,"J.Clausen",-7.15328912372949,NA,4.46307692307692,157,299,1558,3,9,23,57,0,33,36,24,36,23,0.525083612040134,35,33
2010,"J.Cutler",-0.914047185654028,NA,14.0106666666667,261,432,3274,23,16,50,232,1,17,20,6,14,9,0.604166666666667,22,28
2010,"J.Flacco",2.81398398545277,NA,14.455,306,489,3622,25,10,43,84,1,11,18,18,10,10,0.625766871165644,12,13
2010,"J.Freeman",4.70525669587844,1.23998036647371,16.1525,291,474,3451,25,6,68,364,0,13,9,2,11,24,0.613924050632911,18,10
2010,"J.Kitna",2.40278294243602,NA,15.73,209,318,2365,16,12,31,147,1,28,13,10,21,11,0.657232704402516,6,17
2010,"K.Collins",2.34233595090025,NA,10.902,160,278,1823,14,8,10,1,0,30,27,35,26,25,0.575539568345324,32,18
2010,"K.Kolb",NA,NA,8.91142857142857,115,189,1197,7,7,15,65,0,35,32,20,33,26,0.608465608465608,19,36
2010,"K.Orton",2.45607166927496,NA,16.1476923076923,293,498,3653,20,9,22,98,0,10,10,17,17,27,0.588353413654618,28,16
2010,"M.Cassel",4.2998659908852,NA,15.276,262,450,3116,27,7,33,125,0,19,16,12,8,28,0.582222222222222,30,11
2010,"M.Hasselbeck",-1.34357651645338,NA,10.5742857142857,266,444,3001,12,17,23,60,3,21,28,22,28,4,0.599099099099099,24,29
2010,"M.Ryan",6.21482344025719,NA,15.775,357,571,3705,28,9,46,122,0,9,12,15,7,29,0.625218914185639,13,6
2010,"M.Sanchez",-0.654789112258716,NA,13.476,278,507,3291,17,13,30,105,3,16,22,16,20,5,0.548323471400395,33,27
2010,"M.Schaub",4.80725162080938,NA,15.35,365,574,4370,24,12,22,28,0,4,14,31,12,30,0.63588850174216,9,9
2010,"M.Vick",5.57110659541114,3.15264630956876,25.86,233,372,3018,21,6,100,676,9,20,1,1,16,1,0.626344086021505,11,7
2010,"P.Manning",8.13555329258654,NA,17.8625,450,679,4700,33,17,18,18,0,2,4,33,3,31,0.662739322533137,3,3
2010,"P.Rivers",10.2935268174497,NA,17.6,357,541,4710,30,13,29,52,0,1,5,26,5,32,0.659889094269871,4,1
2010,"R.Fitzpatrick",0.859915327719762,-0.112535880608636,15.3,255,441,3000,23,15,40,269,0,22,15,5,15,33,0.578231292517007,31,23
2010,"S.Bradford",-2.77650501032947,NA,11.92375,354,590,3512,18,15,27,63,1,12,25,21,18,12,0.6,23,30
2010,"Sh.Hill",1.64009015891425,NA,14.5218181818182,257,416,2686,16,12,22,123,0,24,17,14,22,34,0.617788461538462,14,20
2010,"T.Brady",9.3780184860708,NA,18.6875,324,492,3900,36,4,31,30,1,8,3,30,1,13,0.658536585365854,5,2
2010,"T.Romo",4.23978670728909,NA,16.3333333333333,148,213,1605,11,7,6,38,0,31,8,29,30,35,0.694835680751174,1,12
2010,"V.Young",2.5455959183637,-0.76275094165208,9.85555555555556,93,156,1255,10,3,25,125,0,34,31,13,31,36,0.596153846153846,26,15
2011,"A.Dalton",0.165913952349928,NA,12.945,300,516,3398,20,13,37,152,1,16,21,10,13,11,0.581395348837209,25,21
2011,"A.Rodgers",14.9560417383931,NA,26.4946666666667,343,502,4643,45,6,60,257,3,5,1,4,2,5,0.683266932270916,2,1
2011,"Alex Smith",1.72507088315781,NA,13.0885714285714,242,401,2841,15,4,42,136,1,20,20,11,20,12,0.603491271820449,18,17
2011,"B.Gabbert",-6.79722809744607,-0.964176366548054,7.75733333333333,210,413,2214,12,11,48,98,0,26,35,18,27,24,0.508474576271186,36,34
2011,"B.Roethlisberger",5.41367897408052,NA,14.4053333333333,324,513,4077,21,14,31,70,0,9,14,23,11,25,0.631578947368421,7,10
2011,"C.McCoy",-2.68068884811804,0.219482229796249,12.3092307692308,265,463,2733,14,11,61,212,0,22,24,9,22,26,0.572354211663067,30,27
2011,"C.Newton",2.99205393627599,2.53309386863745,23.08375,310,517,4051,21,17,126,706,14,10,3,1,12,1,0.599613152804642,21,14
2011,"C.Painter",-5.03737450804662,NA,8.03777777777778,132,243,1541,6,9,17,107,0,34,34,15,33,27,0.54320987654321,33,31
2011,"C.Palmer",3.43640493121523,NA,13.612,199,328,2753,13,16,16,20,1,21,17,32,24,13,0.606707317073171,15,12
2011,"C.Ponder",-5.13153870766196,NA,10.7290909090909,158,291,1853,13,13,28,219,0,30,29,7,25,28,0.542955326460481,34,32
2011,"D.Brees",14.066484165766,NA,24.4775,468,657,5476,46,14,21,86,1,1,2,20,1,14,0.712328767123288,1,2
2011,"D.McNabb",-2.90919524691527,NA,10.8233333333333,94,156,1026,4,2,14,59,1,37,28,26,37,15,0.602564102564103,19,29
2011,"D.Orlovsky",0.61155808371146,NA,7.3175,122,193,1201,6,4,6,5,0,35,36,37,34,29,0.632124352331606,6,18
2011,"E.Manning",5.57684003785241,NA,17.55125,359,589,4933,29,16,35,15,1,4,7,33,6,16,0.609507640067912,14,8
2011,"J.Campbell",3.38612597689196,NA,13.1333333333333,100,165,1170,6,4,18,60,2,36,19,25,35,7,0.606060606060606,16,13
2011,"J.Cutler",0.408144472626895,NA,13.626,182,314,2319,13,7,18,55,1,25,16,27,26,17,0.579617834394904,26,20
2011,"J.Flacco",1.91337052741386,NA,12.65,312,542,3610,20,12,39,88,1,12,23,19,14,18,0.575645756457565,29,16
2011,"J.Freeman",-2.74679079361534,NA,13.5653333333333,346,551,3592,16,22,55,238,4,13,18,5,17,4,0.627949183303085,9,28
2011,"J.Skelton",-6.21311948319871,NA,12.915,151,275,1913,11,14,28,128,0,29,22,12,29,30,0.549090909090909,32,33
2011,"K.Kolb",-0.892135801293668,NA,10.9666666666667,146,253,1955,9,8,17,65,0,28,27,24,31,31,0.577075098814229,28,24
2011,"K.Orton",1.94165390941312,NA,9.51333333333333,150,252,1758,9,9,11,13,0,31,32,34,32,32,0.595238095238095,23,15
2011,"M.Cassel",-2.31388984169796,NA,10.6688888888889,160,269,1713,10,9,25,99,0,33,31,17,30,33,0.594795539033457,24,26
2011,"M.Hasselbeck",0.493686239269538,NA,11.8775,319,518,3571,18,14,20,52,0,14,25,28,15,34,0.615830115830116,11,19
2011,"M.Moore",NA,NA,7.2192,210,347,2497,16,9,54,222,2,23,37,6,18,8,0.605187319884726,17,36
2011,"M.Ryan",5.4863184938589,NA,17.0925,347,566,4177,29,12,37,84,2,8,9,21,7,9,0.613074204946996,12,9
2011,"M.Sanchez",-3.62407115897573,NA,14.82875,308,543,3474,26,18,37,103,6,15,13,16,9,2,0.567219152854512,31,30
2011,"M.Schaub",6.3376752106809,NA,15.806,178,292,2479,15,6,15,9,2,24,11,36,21,10,0.60958904109589,13,5
2011,"M.Stafford",6.26571561803811,NA,21.4575,421,663,5038,41,16,22,78,0,3,5,22,3,35,0.63499245852187,5,6
2011,"M.Vick",3.70380832903538,1.86757756250071,17.9246153846154,253,423,3303,18,14,76,589,1,17,6,3,16,19,0.598108747044917,22,11
2011,"P.Rivers",6.3555758338959,NA,15.91,366,582,4624,27,20,26,36,1,6,10,30,8,20,0.628865979381443,8,4
2011,"R.Fitzpatrick",-0.386071296243201,-0.0905362626795555,13.92375,353,569,3832,24,23,56,215,0,11,15,8,10,36,0.620386643233743,10,22
2011,"R.Grossman",-1.16910447582335,NA,11.3184615384615,265,458,3151,16,20,20,11,1,18,26,35,19,21,0.578602620087336,27,25
2011,"S.Bradford",-7.95534111266502,NA,8.716,191,357,2164,6,6,18,26,0,27,33,31,36,37,0.535014005602241,35,35
2011,"T.Brady",12.3770928466281,NA,22.89375,401,611,5235,39,12,43,109,3,2,4,13,4,6,0.656301145662848,4,3
2011,"T.Jackson",-0.865934280888175,NA,10.696,271,450,3091,14,13,40,108,1,19,30,14,23,22,0.602222222222222,20,23
2011,"T.Romo",5.87215113773967,NA,17.2475,346,522,4184,31,10,22,46,1,7,8,29,5,23,0.662835249042146,3,7
2011,"T.Tebow",NA,1.01113285332767,15.32,126,271,1729,12,6,122,660,6,32,12,2,28,3,0.464944649446494,37,37
2012,"A.Dalton",-0.0563656422249656,NA,15.6725,329,528,3669,27,16,47,120,4,16,13,19,7,5,0.623106060606061,15,19
2012,"A.Luck",0.877783153343299,1.56359746516783,17.27875,339,627,4374,23,18,62,255,5,7,9,8,14,3,0.54066985645933,37,17
2012,"A.Rodgers",7.19124093709201,NA,21.475,371,552,4295,39,8,54,259,2,8,3,7,2,10,0.672101449275362,4,4
2012,"A.Smith",NA,NA,5.6295652173913,153,218,1737,13,5,34,132,0,32,36,16,25,25,0.701834862385321,1,38
2012,"B.Gabbert",-3.88815067881135,NA,9.408,162,278,1662,9,6,18,56,0,34,33,25,32,26,0.58273381294964,26,31
2012,"B.Quinn",-7.66235484525664,NA,4.424,112,197,1141,2,8,19,66,0,37,38,23,37,27,0.568527918781726,32,35
2012,"B.Roethlisberger",5.22721825689725,NA,17.2153846153846,284,449,3265,26,8,26,92,0,21,12,22,9,28,0.632516703786192,10,9
2012,"B.Weeden",-2.02620360195299,NA,11.1,297,517,3385,14,17,27,111,0,19,31,20,24,29,0.574468085106383,31,27
2012,"C.Henne",-4.49206254207055,NA,11.316,166,308,2084,11,11,19,64,1,29,30,24,29,13,0.538961038961039,38,34
2012,"C.Kaepernick",NA,-0.269579914677167,13.3892307692308,136,218,1814,10,3,63,415,5,30,22,4,30,4,0.623853211009174,14,39
2012,"C.Newton",3.43487847006191,1.92670878996581,20.17875,280,485,3869,19,12,127,741,8,13,5,2,21,1,0.577319587628866,30,12
2012,"C.Palmer",1.12741175962182,NA,14.9546666666667,345,565,4018,22,14,18,36,1,10,16,30,15,14,0.610619469026549,17,15
2012,"C.Ponder",-0.560469252547924,-0.245236069009671,12.075,300,483,2935,18,12,60,253,2,25,27,9,23,11,0.62111801242236,16,23
2012,"D.Brees",7.16781856229206,NA,21.59875,422,670,5177,43,19,15,5,1,1,1,37,1,15,0.629850746268657,11,5
2012,"E.Manning",3.59257327292677,NA,14.5575,321,536,3948,26,15,20,30,0,12,18,32,10,30,0.598880597014925,20,11
2012,"J.Cutler",-1.44922405620895,0.852343035400069,12.308,255,434,3033,19,14,41,233,0,24,26,10,22,31,0.587557603686636,25,25
2012,"J.Flacco",0.988788609313603,NA,14.68,317,531,3817,22,10,32,22,3,14,17,34,16,9,0.5969868173258,22,16
2012,"J.Freeman",1.59281445625226,NA,15.53125,306,558,4065,27,17,39,139,0,9,14,15,8,32,0.548387096774194,34,14
2012,"J.Locker",-2.1975920309817,NA,12.0127272727273,177,314,2176,10,11,41,291,1,28,28,6,31,16,0.563694267515924,33,28
2012,"J.Skelton",-9.61883026381547,NA,4.54,109,201,1132,2,9,4,5,0,38,37,38,38,33,0.54228855721393,36,36
2012,"K.Kolb",-3.51093050131698,NA,14.1266666666667,109,183,1169,8,3,16,100,1,36,20,21,33,17,0.595628415300546,23,30
2012,"M.Cassel",-4.17105947158242,NA,8.70444444444444,161,277,1796,6,12,27,145,1,31,34,13,35,18,0.581227436823105,28,33
2012,"M.Hasselbeck",-1.85703876584789,NA,9.56,138,221,1367,7,5,13,38,0,35,32,29,34,34,0.624434389140271,13,26
2012,"M.Ryan",8.85968795358182,NA,19.05375,422,615,4719,32,14,34,141,1,5,7,14,5,19,0.686178861788618,2,3
2012,"M.Sanchez",-4.14488982398464,NA,7.87466666666667,246,453,2883,13,18,22,28,0,26,35,33,26,35,0.543046357615894,35,32
2012,"M.Schaub",5.30025540446263,NA,13.92625,350,544,4008,22,12,21,-9,0,11,21,39,17,36,0.643382352941177,7,7
2012,"M.Stafford",2.02760765480515,NA,17.22375,435,727,4967,20,17,35,126,4,2,11,17,19,6,0.598349381017882,21,13
2012,"M.Vick",-0.225061199465521,-1.50774508052552,15.168,204,351,2362,12,10,62,332,1,27,15,5,27,20,0.581196581196581,29,22
2012,"N.Foles",-2.26030182846131,NA,12.3085714285714,161,265,1699,6,5,11,42,1,33,25,27,36,21,0.607547169811321,18,29
2012,"P.Manning",10.1227177415472,NA,19.435,400,583,4659,37,11,23,6,0,6,6,36,3,37,0.686106346483705,3,2
2012,"P.Rivers",-0.134769865694167,NA,13.015,338,527,3606,26,15,27,40,0,17,24,28,11,38,0.641366223908918,8,21
2012,"R.Fitzpatrick",0.543433319764929,NA,13.35625,306,505,3400,24,16,48,197,1,18,23,12,13,22,0.605940594059406,19,18
2012,"R.Griffin",5.66980642693494,2.3799421356729,21.1666666666667,258,393,3200,20,5,120,815,7,22,4,1,20,2,0.656488549618321,5,6
2012,"R.Lindley",-14.656997231881,NA,2.13,89,171,752,0,7,4,7,0,39,39,35,39,39,0.52046783625731,39,37
2012,"R.Tannehill",-1.35787399651945,NA,11.42875,282,484,3294,12,13,49,211,2,20,29,11,28,12,0.582644628099174,27,24
2012,"R.Wilson",5.15285955097858,0.659036681337609,17.22625,252,393,3118,26,10,94,489,4,23,10,3,12,7,0.641221374045801,9,10
2012,"S.Bradford",-0.108041331295997,NA,14.405,328,551,3702,21,13,36,124,1,15,19,18,18,23,0.595281306715064,24,20
2012,"T.Brady",11.8867899851751,NA,21.5175,401,637,4827,35,8,23,32,4,4,2,31,4,8,0.629513343799058,12,1
2012,"T.Romo",5.2319861488117,NA,17.4325,425,648,4903,28,19,30,49,1,3,8,26,6,24,0.655864197530864,6,8
2013,"A.Dalton",4.24125530306739,NA,18.00125,363,586,4293,33,20,61,183,2,7,8,13,3,10,0.619453924914676,16,9
2013,"A.Luck",1.12800067698549,NA,18.28625,343,570,3822,23,9,63,377,4,13,6,7,15,3,0.601754385964912,26,17
2013,"A.Rodgers",10.4668332927747,0.0213562593235537,18.8266666666667,193,290,2536,17,6,30,120,0,25,4,17,22,24,0.66551724137931,5,3
2013,"A.Smith",NA,NA,10.2558620689655,308,508,3313,23,7,103,635,4,17,40,1,16,4,0.606299212598425,22,41
2013,"B.Roethlisberger",3.76495485081095,NA,16.14625,375,584,4261,28,14,27,99,1,9,15,20,7,15,0.642123287671233,7,11
2013,"B.Weeden",-5.30293651454868,NA,11.205,141,267,1731,9,9,12,44,0,34,35,32,33,25,0.528089887640449,41,39
2013,"C.Henne",-2.45151374593612,NA,10.756,305,503,3241,13,14,27,77,0,18,36,21,26,26,0.606361829025845,21,28
2013,"C.Kaepernick",3.54863448669138,1.01482990462786,16.5175,243,416,3197,21,8,92,524,4,20,14,5,17,5,0.584134615384615,34,12
2013,"C.Keenum",-3.9647686730736,NA,12.95,137,253,1760,9,6,14,72,1,33,26,22,34,16,0.541501976284585,40,37
2013,"C.Newton",2.07420700545668,2.3323942913722,18.60375,292,473,3379,24,13,111,585,6,15,5,2,12,1,0.617336152219873,17,16
2013,"C.Palmer",0.830878882941614,NA,13.57875,362,572,4274,24,22,27,3,0,8,22,41,13,27,0.632867132867133,11,20
2013,"C.Ponder",-2.55674126421338,NA,11.8911111111111,152,239,1648,7,9,34,151,4,37,31,15,39,6,0.635983263598326,10,29
2013,"D.Brees",9.24586527913981,NA,22.355,446,650,5162,39,12,35,52,3,2,2,30,2,7,0.686153846153846,2,5
2013,"E.Manning",-2.89236079760144,NA,10.645,317,551,3818,18,27,18,36,0,14,37,35,21,28,0.575317604355717,35,32
2013,"E.Manuel",-4.45384109612338,1.06982845827636,13.348,180,306,1972,11,9,53,186,2,29,23,12,29,11,0.588235294117647,31,38
2013,"G.Smith",-3.73598807909272,0.88388839482421,12.10875,247,443,3046,12,21,72,366,6,21,29,8,28,2,0.557562076749436,39,36
2013,"J.Campbell",-2.70540749357942,NA,12.8111111111111,180,317,2015,11,8,14,107,0,28,27,19,30,29,0.56782334384858,37,31
2013,"J.Cutler",1.07012394293504,NA,15.3309090909091,224,355,2621,19,12,23,118,0,23,18,18,18,30,0.630985915492958,13,18
2013,"J.Flacco",-2.32948631928338,NA,12.97375,362,614,3912,19,22,27,131,1,11,25,16,19,17,0.58957654723127,30,27
2013,"J.Locker",1.05458132440619,1.19830928118401,14.2485714285714,111,183,1256,8,4,24,155,2,40,21,14,35,12,0.60655737704918,20,19
2013,"J.McCown",10.2517395945337,NA,17.0075,149,224,1829,13,1,13,69,1,30,11,24,27,18,0.665178571428571,6,4
2013,"K.Clemens",-1.69290461570556,NA,8.532,142,242,1673,8,7,23,64,0,36,41,27,36,31,0.586776859504132,32,26
2013,"K.Cousins",-6.32925890256419,NA,6.712,81,155,854,4,7,4,14,0,42,42,40,41,32,0.52258064516129,42,40
2013,"M.Cassel",-1.64604565691767,NA,11.9977777777778,153,254,1807,11,9,18,57,1,31,30,28,31,19,0.602362204724409,25,25
2013,"M.Flynn",-3.66499523140831,NA,10.3114285714286,124,200,1392,8,5,20,65,0,39,39,26,37,33,0.62,14,35
2013,"M.Glennon",-2.61047747746798,NA,12.1553846153846,247,416,2608,19,9,27,37,0,24,28,34,20,34,0.59375,28,30
2013,"M.McGloin",0.607221127815826,NA,11.2257142857143,118,211,1547,8,8,11,27,0,38,34,37,38,35,0.559241706161137,38,21
2013,"M.Ryan",2.21037663331816,NA,15.50625,439,651,4515,26,17,17,55,0,4,17,29,9,36,0.674347158218126,4,15
2013,"M.Schaub",-3.23288961020238,NA,10.48,219,358,2310,10,14,5,24,0,27,38,38,32,37,0.611731843575419,18,33
2013,"M.Stafford",3.53894211002266,NA,17.43125,371,634,4650,29,19,37,69,2,3,9,25,6,13,0.585173501577287,33,13
2013,"N.Foles",8.07160348300771,NA,19.98,203,317,2891,27,2,57,221,3,22,3,11,8,8,0.640378548895899,8,6
2013,"P.Manning",16.4192574024282,NA,25.62375,450,659,5477,55,10,32,-31,1,1,1,42,1,20,0.682852807283763,3,1
2013,"P.Rivers",10.8553846048635,NA,18.02,378,544,4478,32,11,28,72,0,5,7,23,4,38,0.694852941176471,1,2
2013,"R.Fitzpatrick",2.44542260564352,1.73397732410765,15.1509090909091,217,350,2454,14,12,43,225,3,26,19,10,24,9,0.62,15,14
2013,"R.Griffin",NA,NA,11.5914285714286,274,456,3203,16,12,86,489,0,19,33,6,23,39,0.600877192982456,27,42
2013,"R.Tannehill",0.00795213252189409,NA,14.895,355,588,3913,24,17,40,238,1,10,20,9,14,21,0.603741496598639,24,23
2013,"R.Wilson",4.56686244571195,-0.0527579073232652,16.88625,257,407,3357,26,9,96,539,1,16,13,4,10,22,0.631449631449631,12,7
2013,"S.Bradford",-0.292655495958243,NA,16.94,159,262,1687,14,4,15,31,0,35,12,36,25,40,0.606870229007634,19,24
2013,"T.Brady",4.33702391835582,NA,15.72,380,628,4343,25,11,32,18,0,6,16,39,11,41,0.605095541401274,23,8
2013,"T.Lewis",0.0766216365495098,-1.83786662903685,11.776,93,157,1092,4,3,24,52,1,41,32,31,42,23,0.592356687898089,29,22
2013,"T.Pryor",-3.51386116809439,1.08703907526386,13.0472727272727,156,272,1798,7,11,83,576,2,32,24,3,40,14,0.573529411764706,36,34
2013,"T.Romo",4.08289837298739,NA,17.3946666666667,342,535,3828,31,10,20,38,0,12,10,33,5,42,0.639252336448598,9,10
2014,"A.Dalton",0.203959344806834,0.0841690673243068,14.03875,309,481,3398,19,17,60,169,4,16,26,14,17,3,0.642411642411642,13,23
2014,"A.Davis",-3.69076269212176,-0.791948192667027,11.96,180,284,2001,12,9,16,36,0,30,30,30,27,22,0.633802816901408,17,33
2014,"A.Luck",5.41653348808945,NA,21.98375,380,616,4761,40,16,64,273,3,3,2,7,1,4,0.616883116883117,25,8
2014,"A.Rodgers",10.6749498951908,NA,22.13375,341,520,4381,38,5,43,269,2,7,1,8,3,7,0.655769230769231,10,1
2014,"A.Smith",NA,NA,11.384,303,464,3265,18,6,72,398,3,20,32,5,19,5,0.65301724137931,11,37
2014,"B.Bortles",-8.14184550057771,1.06878264262401,12.0157142857143,280,475,2908,11,17,56,419,0,24,28,4,29,23,0.589473684210526,31,36
2014,"B.Hoyer",-0.132653333695958,NA,11.21,242,438,3326,12,13,24,39,0,18,33,29,28,24,0.552511415525114,37,25
2014,"B.Roethlisberger",9.7155901231181,NA,19.17375,408,608,4952,32,9,33,27,0,1,5,32,7,25,0.671052631578947,4,2
2014,"C.Kaepernick",0.204215987843589,-0.5594735563143,15.66625,289,478,3369,19,10,104,639,1,17,18,2,18,12,0.604602510460251,26,22
2014,"C.Newton",-0.754093041556145,1.93203730166281,17.7842857142857,262,448,3127,18,12,103,539,5,21,7,3,20,2,0.584821428571429,32,28
2014,"C.Palmer",5.46989050891962,NA,17.2566666666667,141,224,1626,11,3,8,25,0,35,12,33,30,26,0.629464285714286,22,7
2014,"C.Whitehurst",-0.527576236039487,-0.0358872928024669,12.2914285714286,105,185,1326,7,2,20,90,0,38,27,20,36,27,0.567567567567568,35,27
2014,"D.Brees",6.43936176043215,NA,18.93625,456,659,4952,33,17,27,68,1,2,6,23,5,13,0.69195751138088,2,6
2014,"D.Carr",-3.97929217219715,NA,12,348,599,3270,21,12,29,92,0,19,29,19,15,28,0.580968280467446,33,34
2014,"D.Stanton",0.5007178922573,NA,10.5266666666667,132,240,1711,7,5,25,63,0,31,36,25,37,29,0.55,38,20
2014,"E.Manning",4.15054240443024,NA,16.84375,379,601,4410,30,14,12,31,1,6,14,31,9,14,0.630615640599002,20,13
2014,"G.Smith",-0.818815150352461,-0.652819993900014,10.7714285714286,219,367,2525,13,13,59,238,1,25,35,9,25,15,0.596730245231608,30,29
2014,"J.Cutler",-1.90872443328932,NA,17.0386666666667,370,561,3812,28,18,39,191,2,13,13,11,10,8,0.659536541889483,9,30
2014,"J.Flacco",4.55936138898415,NA,16.4025,344,554,3986,27,12,39,70,2,12,16,22,12,9,0.620938628158845,23,10
2014,"J.McCown",-2.67691044036012,NA,11.54,184,327,2206,11,14,25,127,3,28,31,16,31,6,0.562691131498471,36,31
2014,"K.Cousins",2.31354351364967,NA,14.7333333333333,126,204,1710,10,9,7,20,0,32,23,34,32,30,0.617647058823529,24,16
2014,"K.Orton",0.425061684494978,NA,14.6766666666667,287,447,3018,18,10,15,14,1,22,24,35,21,16,0.642058165548098,14,21
2014,"M.Glennon",-0.0895625928784553,NA,14.93,117,203,1417,10,6,10,49,0,36,21,28,33,31,0.576354679802956,34,24
2014,"M.Ryan",4.37032493553942,NA,17.76625,415,628,4694,28,14,29,145,0,5,8,15,11,32,0.660828025477707,8,11
2014,"M.Sanchez",4.31111605558961,NA,15.4911111111111,198,309,2418,14,11,34,87,1,27,19,21,24,17,0.640776699029126,16,12
2014,"M.Stafford",1.89754217647465,NA,15.72375,363,602,4257,22,12,43,93,2,9,17,18,14,10,0.602990033222591,27,17
2014,"N.Foles",1.31233211093983,NA,14.915,186,311,2163,13,10,16,68,0,29,22,24,26,33,0.598070739549839,28,19
2014,"P.Manning",7.48193068672631,NA,19.5425,395,597,4727,39,15,24,-24,0,4,4,38,2,34,0.661641541038526,7,4
2014,"P.Rivers",4.86535427721981,NA,16.6025,379,570,4286,31,18,37,102,0,8,15,17,8,35,0.664912280701754,5,9
2014,"R.Fitzpatrick",3.98787274515184,NA,14.9766666666667,197,312,2483,17,8,50,184,2,26,20,12,22,11,0.631410256410256,19,14
2014,"R.Griffin",NA,NA,6.02705882352941,147,214,1694,4,6,38,176,1,33,38,13,38,18,0.686915887850467,3,38
2014,"R.Tannehill",1.74593501309217,NA,17.40625,392,590,4045,27,12,56,311,1,11,10,6,13,19,0.664406779661017,6,18
2014,"R.Wilson",2.63532541565409,1.76115158648774,20.475,285,452,3475,20,7,118,849,6,15,3,1,16,1,0.630530973451327,21,15
2014,"S.Hill",-2.94917590399851,NA,11.16,145,229,1657,8,7,10,10,1,34,34,36,34,20,0.633187772925764,18,32
2014,"T.Brady",6.90389793076368,NA,17.37875,373,582,4109,33,9,36,57,0,10,11,27,6,36,0.640893470790378,15,5
2014,"T.Bridgewater",-0.153776310912357,0.968260590418504,14.1276923076923,259,402,2919,15,12,47,209,1,23,25,10,23,21,0.644278606965174,12,26
2014,"T.Romo",9.67464248652675,NA,17.7533333333333,304,435,3705,34,9,26,61,0,14,9,26,4,37,0.698850574712644,1,3
2014,"Z.Mettenberger",-4.16840632147768,NA,10.1257142857143,107,179,1412,8,7,5,4,0,37,37,37,35,38,0.597765363128492,29,35
2015,"A.Dalton",8.93885687994706,NA,18.7846153846154,255,386,3250,25,7,57,142,3,21,10,17,14,5,0.660621761658031,8,2
2015,"A.Luck",-1.12077572624588,-0.419771121690116,18.6914285714286,162,293,1881,15,12,33,196,0,32,11,13,25,27,0.552901023890785,38,29
2015,"A.Rodgers",-0.48079407541877,0.981934512556752,18.8275,347,572,3821,31,8,58,344,1,17,9,5,10,13,0.606643356643357,27,28
2015,"A.Smith",NA,NA,14.3336842105263,307,470,3486,20,7,85,509,2,20,28,4,20,9,0.653191489361702,10,37
2015,"B.Bortles",0.164793103019875,NA,19.7575,355,606,4428,35,18,52,310,2,7,5,6,2,10,0.585808580858086,32,22
2015,"B.Gabbert",-3.85907582329814,1.07179530633966,16.2175,178,282,2031,10,7,32,185,1,30,21,15,29,14,0.631205673758865,18,34
2015,"B.Hoyer",1.55096993854478,NA,15.1490909090909,224,369,2606,19,7,15,44,0,26,24,27,22,28,0.607046070460705,26,17
2015,"B.Osweiler",0.638509267312719,NA,14.5975,170,275,1967,10,6,21,61,1,31,27,23,30,15,0.618181818181818,22,19
2015,"B.Roethlisberger",7.93920888066844,NA,18.8683333333333,319,469,3938,21,16,15,29,0,14,8,29,17,29,0.680170575692964,4,5
2015,"C.Kaepernick",-3.04225436393026,NA,12.2444444444444,144,244,1615,6,5,45,256,1,34,31,8,35,16,0.590163934426229,31,32
2015,"C.Newton",5.35510673738132,1.6034766611576,24.3175,296,495,3837,35,10,132,636,10,16,1,1,3,1,0.597979797979798,29,8
2015,"C.Palmer",9.85109660468803,NA,19.3275,342,537,4671,35,11,25,24,1,4,7,31,4,17,0.636871508379888,16,1
2015,"D.Brees",7.03624028348998,NA,20.28,428,627,4870,32,11,24,14,1,1,4,36,7,18,0.682615629984051,2,6
2015,"D.Carr",-0.224505253725188,NA,16.955,350,573,3987,32,13,33,138,0,13,19,19,8,30,0.610820244328098,23,25
2015,"E.Manning",3.55453517572783,NA,17.96125,387,618,4432,35,14,20,61,0,6,14,24,5,31,0.62621359223301,19,13
2015,"J.Cutler",1.83830294154314,0.365069026722419,15.0973333333333,311,483,3659,21,11,38,201,1,19,25,12,18,19,0.643892339544513,14,16
2015,"J.Flacco",0.587626001499092,NA,16.194,266,413,2791,14,12,13,23,3,25,22,32,26,6,0.644067796610169,13,20
2015,"J.Manziel",-1.80675812895036,0.632028070651067,10.5555555555556,129,223,1500,7,5,37,230,0,35,33,10,33,32,0.57847533632287,35,30
2015,"J.McCown",1.95784535599563,NA,16.52,186,292,2109,12,4,20,98,1,28,20,20,28,20,0.636986301369863,15,15
2015,"J.Winston",3.08178182259771,NA,17.18625,312,535,4042,22,15,54,213,6,11,18,11,16,2,0.583177570093458,34,14
2015,"K.Cousins",6.06842875671159,NA,18.34,379,543,4166,29,11,26,48,5,10,12,26,12,3,0.697974217311234,1,7
2015,"M.Cassel",-4.71584782001291,NA,8.355,119,204,1276,5,7,15,78,0,37,37,21,36,33,0.583333333333333,33,35
2015,"M.Hasselbeck",-0.014132682341966,NA,11.3875,156,256,1690,9,5,16,15,0,33,32,34,31,34,0.609375,24,24
2015,"M.Mariota",-0.265485538513216,NA,17.5016666666667,230,370,2818,19,10,34,252,2,24,17,9,23,11,0.621621621621622,20,26
2015,"M.Ryan",4.9635060089727,NA,14.62125,407,614,4591,21,16,36,63,0,5,26,22,19,35,0.662866449511401,6,9
2015,"M.Stafford",1.53747066413245,NA,18.11125,398,592,4262,32,13,44,159,1,8,13,16,9,21,0.672297297297297,5,18
2015,"N.Foles",-8.10613541386339,NA,8.73454545454545,190,337,2052,7,10,17,20,1,29,36,33,34,22,0.56379821958457,36,36
2015,"P.Manning",-3.19566447429811,NA,9.136,198,331,2249,9,17,6,-6,0,27,35,38,32,36,0.598187311178248,28,33
2015,"P.Rivers",4.08738157150738,NA,17.78,437,661,4792,29,13,17,28,0,2,16,30,13,37,0.661119515885023,7,11
2015,"R.Fitzpatrick",4.48897255644398,0.647336172685111,17.825,335,562,3905,31,15,60,270,2,15,15,7,11,12,0.596085409252669,30,10
2015,"R.Mallett",-2.47696079448518,NA,10.1342857142857,136,244,1336,5,6,5,15,1,36,34,35,37,23,0.557377049180328,37,31
2015,"R.Tannehill",-0.280090617992383,NA,16.0825,363,586,4208,24,12,32,141,1,9,23,18,15,24,0.619453924914676,21,27
2015,"R.Wilson",8.15564660411918,0.251016933572579,21.01625,329,483,4024,34,8,103,553,1,12,3,3,6,25,0.681159420289855,3,3
2015,"S.Bradford",0.293525370034958,NA,13.9214285714286,346,532,3725,19,14,26,39,0,18,29,28,24,38,0.650375939849624,11,21
2015,"T.Brady",7.95318426469083,NA,21.48125,402,624,4770,36,7,34,53,3,3,2,25,1,7,0.644230769230769,12,4
2015,"T.Bridgewater",0.0400983703708638,0.750735598411149,12.5275,292,447,3231,14,9,44,192,3,22,30,14,27,8,0.65324384787472,9,23
2015,"T.Taylor",4.0425084423488,1.45114179759699,19.3285714285714,242,380,3035,20,6,104,568,4,23,6,2,21,4,0.636842105263158,17,12
2015,"Z.Mettenberger",NA,NA,6.02857142857143,101,166,935,4,7,9,8,1,38,38,37,38,26,0.608433734939759,25,38
2016,"A.Dalton",3.87553020402465,NA,16.29,364,563,4206,18,8,46,184,4,11,17,11,22,5,0.646536412078153,14,13
2016,"A.Luck",3.96555561090795,NA,20.5133333333333,346,545,4240,31,13,64,341,2,8,5,7,5,9,0.634862385321101,18,12
2016,"A.Rodgers",8.27622287669567,1.06243432235898,23.75125,401,610,4428,40,7,67,369,4,4,1,3,1,6,0.657377049180328,10,3
2016,"A.Smith",NA,-0.208413774806281,13.01,328,489,3502,15,8,58,181,5,22,28,12,27,3,0.670756646216769,7,36
2016,"B.Bortles",-3.21877979411361,1.08685542893909,16.88125,368,625,3905,23,16,58,359,3,15,15,4,15,8,0.5888,31,31
2016,"B.Gabbert",-5.53036514952551,2.19239465225837,12.1166666666667,91,160,925,5,6,40,173,2,36,29,13,35,10,0.56875,32,34
2016,"B.Hoyer",5.80132150227571,NA,13.2666666666667,134,200,1445,6,0,7,-2,0,32,27,35,32,24,0.67,8,8
2016,"B.Osweiler",-3.09609786847548,NA,11.252,301,510,2957,15,16,30,131,2,27,30,17,28,11,0.590196078431373,30,30
2016,"B.Roethlisberger",6.17293827200965,NA,18.0114285714286,328,509,3819,29,13,16,14,1,17,9,33,6,18,0.644400785854617,16,7
2016,"C.Kaepernick",-0.803200015934877,1.99513430685572,18.2218181818182,196,331,2241,16,4,69,468,2,29,7,2,25,12,0.59214501510574,29,26
2016,"C.Keenum",-3.83364613356903,NA,11.114,196,322,2201,9,11,20,51,1,30,31,26,30,19,0.608695652173913,24,32
2016,"C.Kessler",2.34918421660246,NA,8.55555555555556,128,195,1380,6,2,11,18,0,33,35,31,33,25,0.656410256410256,11,18
2016,"C.Newton",-1.56605461664853,0.256233712910751,16.9506666666667,270,510,3509,19,14,90,359,5,21,14,5,20,4,0.529411764705882,36,28
2016,"C.Palmer",2.32853048349117,NA,16.208,364,597,4233,26,14,14,38,0,9,18,27,10,26,0.609715242881072,23,19
2016,"C.Wentz",0.603482287414905,-0.167548971221549,13.31125,379,607,3782,16,14,46,150,2,18,26,16,26,13,0.624382207578254,20,23
2016,"D.Brees",7.07241606120922,NA,20.77,471,673,5208,37,15,23,20,2,1,4,30,3,14,0.699851411589896,2,6
2016,"D.Carr",4.87569817380481,-1.44142163250864,17.8986666666667,357,560,3937,28,6,39,70,0,14,11,21,7,27,0.6375,17,9
2016,"D.Prescott",7.67358100263762,NA,17.93,311,459,3667,23,4,57,282,6,19,10,8,16,1,0.67755991285403,4,4
2016,"E.Manning",-0.349858339313073,NA,14.01125,377,598,4027,26,16,21,-9,0,13,24,36,11,28,0.630434782608696,19,25
2016,"J.Flacco",-1.6484874180496,NA,15.155,436,672,4317,20,15,21,58,2,7,21,23,18,15,0.648809523809524,13,29
2016,"J.Goff",-12.2766907648248,NA,7.59428571428572,112,205,1089,5,7,8,16,1,35,36,32,36,20,0.546341463414634,34,35
2016,"J.McCown",-5.27411931480214,NA,10.42,90,165,1100,6,6,7,21,0,34,32,29,34,29,0.545454545454545,35,33
2016,"J.Winston",3.24933326704498,NA,16.00625,345,567,4090,28,18,53,165,1,12,20,14,8,21,0.608465608465608,25,14
2016,"K.Cousins",7.20450623461644,NA,18.7675,406,606,4917,25,12,34,96,4,3,6,20,13,7,0.66996699669967,9,5
2016,"M.Barkley",-0.170683164526635,NA,10.12,129,216,1611,8,14,7,2,0,31,33,34,31,30,0.597222222222222,27,24
2016,"M.Mariota",4.06197188009788,-0.0993358971286341,17.3293333333333,276,451,3426,26,9,60,349,2,23,13,6,12,16,0.611973392461197,22,11
2016,"M.Ryan",11.0266577519425,NA,21.71625,373,534,4944,38,7,35,117,0,2,2,19,2,31,0.698501872659176,3,2
2016,"M.Stafford",4.61816071217787,NA,17.48625,388,594,4327,24,10,37,207,2,6,12,10,14,17,0.653198653198653,12,10
2016,"P.Rivers",3.24658614023038,NA,16.18375,349,578,4386,33,21,14,35,0,5,19,28,4,32,0.603806228373702,26,15
2016,"R.Fitzpatrick",-1.29469856071104,0.191684365374911,9.52857142857143,228,403,2710,12,17,33,130,0,28,34,18,29,33,0.56575682382134,33,27
2016,"R.Tannehill",0.843641858377508,NA,14.6307692307692,261,389,2995,19,12,39,164,1,26,23,15,21,22,0.670951156812339,6,22
2016,"R.Wilson",3.12048804572782,-0.538231121805438,16.75375,353,546,4219,21,11,72,259,1,10,16,9,17,23,0.646520146520147,15,16
2016,"S.Bradford",2.41911636141795,NA,14.7253333333333,395,552,3877,20,5,20,53,0,16,22,25,19,34,0.715579710144927,1,17
2016,"T.Brady",12.2747066711342,NA,21.5466666666667,291,432,3554,28,2,28,64,0,20,3,22,9,35,0.673611111111111,5,1
2016,"T.Siemian",1.13547116338993,NA,13.6957142857143,289,486,3401,18,10,28,57,0,24,25,24,23,36,0.594650205761317,28,21
2016,"T.Taylor",2.02766532829904,1.22682355419419,18.0613333333333,269,436,3023,17,6,95,580,6,25,8,1,24,2,0.61697247706422,21,20
2017,"A.Dalton",-1.93742147591699,NA,13.16875,297,496,3320,25,12,38,99,0,17,25,22,10,26,0.598790322580645,28,26
2017,"A.Rodgers",3.35707230646309,NA,18.5142857142857,154,238,1675,16,6,24,126,0,32,6,20,24,27,0.647058823529412,8,13
2017,"A.Smith",6.13619558151096,0.648685048334143,19.6786666666667,341,505,4042,26,5,60,355,1,8,4,6,9,16,0.675247524752475,3,7
2017,"B.Bortles",1.69708747784194,NA,15.605,315,523,3687,21,13,57,322,2,11,17,7,16,11,0.602294455066922,26,16
2017,"B.Gabbert",-10.9881356290433,-0.485815986571834,12.328,95,171,1086,6,6,22,82,0,39,28,24,35,28,0.555555555555556,37,38
2017,"B.Hoyer",NA,NA,6.388,123,211,1287,4,4,9,4,1,36,39,38,39,17,0.582938388625592,34,39
2017,"B.Hundley",-6.93439555203386,NA,11.2218181818182,192,316,1836,9,12,36,270,2,30,35,10,30,12,0.607594936708861,25,36
2017,"B.Osweiler",-3.77482401444543,NA,11.32,96,172,1088,5,5,14,64,1,38,33,27,37,18,0.558139534883721,36,30
2017,"B.Roethlisberger",5.66927397221042,-0.33115636521186,17.3826666666667,360,561,4251,28,14,28,47,0,5,8,30,5,29,0.641711229946524,11,8
2017,"C.Beathard",-6.85164303023805,1.15549689220517,14.8,123,224,1430,4,6,26,136,3,34,19,17,40,9,0.549107142857143,38,35
2017,"C.Keenum",3.79304448703913,NA,15.8586666666667,325,481,3547,22,7,40,160,1,12,15,15,12,19,0.675675675675676,2,11
2017,"C.Newton",-0.135600577149576,0.67362904592775,18.7175,291,492,3302,22,16,139,754,6,18,5,1,13,1,0.591463414634146,30,21
2017,"C.Palmer",-0.475575713542288,NA,14.6171428571429,164,267,1978,9,7,14,12,0,29,20,34,31,30,0.614232209737828,23,22
2017,"C.Wentz",7.2922608565435,1.14761299418863,21.6723076923077,265,440,3296,33,7,64,299,0,19,3,9,2,31,0.602272727272727,27,4
2017,"D.Brees",6.66540311909085,NA,16.41,386,536,4334,23,8,33,12,2,4,13,35,11,13,0.720149253731343,1,5
2017,"D.Carr",1.30963248157464,NA,13.6293333333333,323,515,3496,22,13,23,66,0,14,24,26,14,32,0.627184466019417,15,18
2017,"D.Kizer",-7.59259965178516,NA,11.7106666666667,255,476,2894,11,22,77,419,5,24,30,4,29,3,0.535714285714286,39,37
2017,"D.Prescott",-1.82951885204865,NA,16.29125,308,490,3324,22,13,57,357,6,16,14,5,15,2,0.628571428571429,14,25
2017,"D.Stanton",-4.4864944358911,-0.284708535659593,10.092,79,159,894,6,5,9,7,0,40,37,37,36,33,0.49685534591195,40,33
2017,"D.Watson",3.6636974178254,2.32817782315846,24.1228571428571,126,204,1699,19,8,36,269,2,31,1,11,18,14,0.617647058823529,21,12
2017,"E.Manning",-3.95570361498241,NA,12.488,352,571,3468,19,13,12,26,1,15,27,33,19,20,0.61646234676007,22,31
2017,"J.Brissett",-2.75157473649294,NA,12.87,276,469,3098,13,7,63,260,4,22,26,12,26,6,0.588486140724947,33,27
2017,"J.Cutler",-1.75810545028864,NA,11.2742857142857,266,429,2666,19,14,19,32,0,26,34,31,20,34,0.62004662004662,20,24
2017,"J.Flacco",-3.3411344476019,NA,11.565,352,549,3141,18,13,25,54,1,21,31,28,22,21,0.641165755919854,12,28
2017,"J.Garoppolo",9.60615466005289,NA,14.4833333333333,120,178,1560,7,5,15,11,1,33,21,36,32,22,0.674157303370786,4,1
2017,"J.Goff",6.2390760429588,NA,17.0173333333333,296,477,3804,28,7,28,51,1,10,11,29,6,23,0.620545073375262,18,6
2017,"J.McCown",1.10155347545942,NA,15.8030769230769,267,397,2926,18,9,37,124,5,23,16,21,23,4,0.672544080604534,5,19
2017,"J.Winston",3.81981535665829,NA,15.5123076923077,282,442,3504,19,11,33,135,1,13,18,18,21,24,0.638009049773756,13,10
2017,"K.Cousins",1.02378535123446,0.108851649382293,17.35125,347,540,4093,27,13,49,179,4,7,9,14,8,7,0.642592592592593,10,20
2017,"M.Mariota",-0.506911510059968,0.692343073673392,14.032,281,453,3232,13,15,60,312,5,20,23,8,27,5,0.620309050772627,19,23
2017,"M.Ryan",4.39870429231525,NA,14.25625,342,529,4095,20,12,32,143,0,6,22,16,17,35,0.646502835538752,9,9
2017,"M.Stafford",2.39457713909847,NA,17.1025,371,565,4446,29,10,29,98,0,3,10,23,4,36,0.656637168141593,7,14
2017,"M.Trubisky",-3.66054358916148,NA,11.21,196,330,2193,7,7,41,248,2,28,36,13,33,15,0.593939393939394,29,29
2017,"P.Rivers",7.3467801362417,NA,16.9,360,575,4515,28,10,18,-2,0,2,12,40,7,37,0.626086956521739,17,3
2017,"R.Fitzpatrick",1.49438265277155,0.572374803751397,12.32,96,163,1103,7,3,15,78,0,37,29,25,34,38,0.588957055214724,32,17
2017,"R.Wilson",1.74007018047617,1.78560542442644,21.745,339,553,3983,34,11,95,586,3,9,2,2,1,10,0.613019891500904,24,15
2017,"T.Brady",8.65676152715591,NA,18.4925,385,581,4577,32,8,25,28,0,1,7,32,3,39,0.662650602409639,6,2
2017,"T.Savage",-6.04689104686294,NA,6.335,125,223,1412,5,6,4,2,0,35,40,39,38,40,0.560538116591928,35,34
2017,"T.Siemian",-4.34364464591672,NA,11.4636363636364,206,349,2285,12,14,31,127,1,27,32,19,28,25,0.590257879656161,31,32
2017,"T.Taylor",NA,NA,6.76217391304348,263,420,2799,14,4,92,470,4,25,38,3,25,8,0.626190476190476,16,40
2018,"A.Dalton",2.48882034616488,NA,15.8672727272727,226,365,2566,21,11,16,99,0,25,20,24,17,26,0.619178082191781,30,19
2018,"A.Luck",6.94874187757926,NA,20.4325,430,639,4593,39,15,46,148,0,5,6,15,2,27,0.672926447574335,12,8
2018,"A.Rodgers",3.3011311302471,NA,19.53625,372,597,4442,25,2,43,269,2,6,9,12,13,10,0.623115577889447,28,16
2018,"A.Smith",-0.661701282148842,1.19279611891252,13.8,205,328,2180,10,5,41,168,1,31,26,13,32,18,0.625,27,27
2018,"B.Bortles",-1.8132173629055,1.19551234484914,13.3246153846154,243,403,2718,13,11,58,365,1,24,29,7,27,19,0.602977667493797,33,33
2018,"B.Mayfield",2.7097886799578,NA,17.15,310,486,3725,27,14,39,131,0,17,19,19,11,28,0.637860082304527,25,18
2018,"B.Osweiler",-1.36212638797137,NA,9.71142857142857,113,178,1247,6,4,8,21,0,36,37,34,36,29,0.634831460674157,26,31
2018,"B.Roethlisberger",8.9317048195357,NA,21.30375,452,675,5129,34,16,31,98,3,1,3,25,5,7,0.66962962962963,13,3
2018,"C.Beathard",-4.85629333501163,-0.00526119611639144,14.996,102,169,1252,8,7,19,69,1,35,25,29,34,20,0.603550295857988,32,34
2018,"C.Keenum",-1.04692238104652,NA,13.43125,365,586,3890,18,15,26,93,2,14,28,26,23,11,0.622866894197952,29,30
2018,"C.Newton",2.29523991252366,0.727931119375301,20.1857142857143,320,471,3395,24,13,101,488,4,19,8,4,14,5,0.679405520169851,10,20
2018,"C.Wentz",3.20185446305809,-0.163268773199273,17.5145454545455,279,401,3074,21,7,34,93,0,21,18,27,18,30,0.695760598503741,4,17
2018,"D.Brees",10.6132636700659,NA,20.2653333333333,364,489,3992,32,5,31,22,4,13,7,33,6,6,0.744376278118609,1,2
2018,"D.Carr",-0.172520160286643,NA,13.485,381,553,4049,19,10,24,47,1,12,27,30,21,21,0.688969258589512,6,26
2018,"D.Prescott",1.52698963272256,NA,17.86875,356,526,3885,22,8,75,305,6,15,13,9,16,2,0.67680608365019,11,23
2018,"D.Watson",3.82645599016627,0.620932099054837,20.73125,345,505,4165,26,9,99,551,5,11,4,3,12,3,0.683168316831683,8,13
2018,"E.Manning",1.73958399932362,NA,14.9975,380,576,4299,21,11,15,20,1,9,24,35,19,22,0.659722222222222,18,22
2018,"J.Allen",NA,NA,11.5939130434783,169,320,2074,10,12,130,741,11,32,34,1,33,1,0.528125,38,37
2018,"J.Driskel",-1.79971478657102,0.878685115683766,10.64,105,176,1003,6,2,25,130,2,38,35,20,37,12,0.596590909090909,34,32
2018,"J.Flacco",2.12994316861775,NA,15.2333333333333,232,379,2465,12,6,19,45,0,27,22,31,29,31,0.612137203166227,31,21
2018,"J.Goff",7.23438946430462,-0.595676502252325,19.395,364,561,4688,32,12,43,108,2,4,10,23,7,13,0.648841354723708,21,7
2018,"J.Rosen",-10.8346936753492,NA,8.06571428571429,217,393,2278,11,14,23,138,0,29,38,17,30,32,0.552162849872774,37,36
2018,"J.Winston",4.230580928778,1.2283188006865,17.7981818181818,244,378,2992,19,14,49,281,1,22,15,10,22,23,0.645502645502645,22,10
2018,"K.Cousins",-0.753854977853622,NA,17.6325,425,606,4298,30,10,44,123,1,10,16,22,9,24,0.701320132013201,3,28
2018,"L.Jackson",NA,NA,9.84625,99,170,1201,6,3,147,695,5,37,36,2,38,4,0.582352941176471,35,38
2018,"M.Mariota",0.652928421352531,0.687213755541182,12.4942857142857,228,331,2528,11,8,64,357,2,26,33,8,31,14,0.688821752265861,7,24
2018,"M.Ryan",7.63426504210616,NA,22.1225,422,608,4924,35,7,33,125,3,3,2,21,3,8,0.694078947368421,5,5
2018,"M.Stafford",0.641027033909634,NA,13.26125,367,555,3777,21,11,25,71,0,16,30,28,20,33,0.661261261261261,16,25
2018,"M.Trubisky",3.55984347806166,2.02810839529322,18.7871428571429,289,434,3223,24,12,68,421,3,20,11,5,15,9,0.665898617511521,15,14
2018,"N.Foles",3.33848218969505,1.65641690974589,15.144,141,195,1413,7,4,9,17,0,34,23,36,35,34,0.723076923076923,2,15
2018,"N.Mullens",3.88967765169793,NA,15.435,176,274,2277,13,10,18,-16,0,30,21,38,28,35,0.642335766423358,23,12
2018,"P.Mahomes",13.919275255196,0.88880360178123,26.0675,383,580,5097,50,12,60,272,2,2,1,11,1,15,0.660344827586207,17,1
2018,"P.Rivers",8.46823864074869,NA,17.81375,347,508,4308,32,12,18,7,0,8,14,37,8,36,0.683070866141732,9,4
2018,"R.Fitzpatrick",7.44602765710597,NA,20.73,164,246,2366,17,12,36,152,2,28,5,14,24,16,0.666666666666667,14,6
2018,"R.Tannehill",-5.0621258561942,-0.978344147118187,12.9054545454545,176,274,1979,17,9,32,145,0,33,32,16,25,37,0.642335766423358,24,35
2018,"R.Wilson",3.93543495197027,NA,18.65125,280,427,3448,35,7,67,376,0,18,12,6,4,38,0.655737704918033,20,11
2018,"S.Darnold",-0.996001168819687,NA,12.9538461538462,239,414,2865,17,15,44,138,1,23,31,18,26,25,0.577294685990338,36,29
2018,"T.Brady",5.78449651358529,NA,17.51875,375,570,4355,29,11,23,35,2,7,17,32,10,17,0.657894736842105,19,9
2019,"A.Dalton",-1.23816999120219,NA,15.5892307692308,314,528,3494,16,14,32,73,4,18,20,24,27,4,0.59469696969697,33,25
2019,"A.Rodgers",3.60671563463084,-0.0516914490360389,17.39875,353,569,4002,26,4,46,183,1,11,12,16,8,20,0.620386643233743,25,13
2019,"B.Mayfield",-0.613911631547961,NA,14.32375,317,534,3827,22,21,28,141,3,14,27,18,16,9,0.593632958801498,35,23
2019,"C.Keenum",NA,NA,10.348,160,247,1707,11,5,9,12,1,32,36,38,31,21,0.647773279352227,15,35
2019,"C.Wentz",2.65141809502152,NA,17.24125,388,607,4039,27,7,62,243,1,9,13,9,5,22,0.639209225700165,19,15
2019,"D.Blough",-8.73313556078053,NA,10.872,94,174,984,4,6,8,31,0,39,34,34,39,28,0.540229885057471,39,34
2019,"D.Brees",8.52687067137077,NA,20.4327272727273,281,378,2979,27,4,9,-4,1,24,6,39,6,23,0.743386243386243,1,4
2019,"D.Carr",6.14354845654517,NA,15.2725,361,513,4054,21,8,27,82,2,8,23,23,19,13,0.703703703703704,2,6
2019,"D.Haskins",-5.70998841885419,NA,8.52222222222222,119,203,1365,7,7,20,101,0,35,38,22,34,29,0.586206896551724,36,33
2019,"D.Hodges",-2.74284882959083,-1.65103813858653,6.415,100,160,1063,5,8,21,68,0,37,39,26,38,30,0.625,23,30
2019,"D.Jones",-3.18693819624513,1.24647201471413,16.5369230769231,284,459,3027,24,12,45,279,2,22,15,6,13,14,0.618736383442266,29,32
2019,"D.Lock",2.7693413334534,-1.67771043109242,13.6,100,156,1020,7,3,18,72,0,38,29,25,35,31,0.641025641025641,18,14
2019,"D.Prescott",7.78318990193536,NA,21.11125,388,596,4902,30,11,52,277,3,2,3,7,4,10,0.651006711409396,14,5
2019,"D.Watson",5.00544719597953,1.62482068323162,21.332,333,495,3852,26,12,82,413,7,13,2,4,9,1,0.672727272727273,7,10
2019,"G.Minshew",-0.122448723169701,-0.0916598457163976,15.6966666666667,124,194,1442,9,2,21,125,0,33,19,20,32,32,0.639175257731959,20,22
2019,"G.Minshew II",-1.75896418909475,-0.443808055947248,16.8825,161,276,1829,12,4,46,219,0,29,14,12,30,33,0.583333333333333,37,28
2019,"J.Allen",NA,NA,13.88625,214,367,2407,16,9,98,450,6,28,28,3,28,3,0.583106267029973,38,36
2019,"J.Brissett",0.729646588574379,0.633404191256533,14.4453333333333,272,447,2942,18,6,56,228,4,25,26,11,24,5,0.608501118568233,30,20
2019,"J.Flacco",-2.91015124514315,NA,10.61,171,262,1822,6,5,12,20,0,30,35,37,37,34,0.652671755725191,13,31
2019,"J.Garoppolo",5.13885237630719,NA,15.4575,329,476,3978,27,13,46,62,1,12,22,29,7,24,0.691176470588235,5,9
2019,"J.Goff",3.83823371753584,NA,15.47,394,626,4638,22,16,33,40,2,3,21,32,17,15,0.629392971246006,22,12
2019,"J.Winston",2.49536444851943,0.332505564731723,19.085,380,626,5109,33,30,59,250,1,1,8,8,2,25,0.60702875399361,32,16
2019,"K.Allen",NA,NA,11.5510344827586,303,489,3322,17,16,35,122,2,19,32,21,25,16,0.619631901840491,26,37
2019,"K.Cousins",5.80259733749844,NA,16.2946666666667,307,444,3603,26,6,31,63,1,16,17,28,10,26,0.691441441441441,4,7
2019,"K.Murray",0.114839923190394,-0.0278423412065248,17.83,349,542,3722,20,12,93,544,4,15,10,2,20,6,0.643911439114391,16,21
2019,"L.Jackson",9.66331014715394,3.7855391366216,27.712,265,401,3127,36,6,176,1206,7,21,1,1,1,2,0.660847880299252,10,2
2019,"M.Mariota",-1.04591531342367,NA,12.1457142857143,95,160,1203,7,2,24,129,0,36,31,19,36,35,0.59375,34,24
2019,"M.Rudolph",-1.73559139582565,NA,10.88,176,283,1765,13,9,21,42,0,31,33,31,29,36,0.621908127208481,24,27
2019,"M.Ryan",1.36470232925129,0.744056711626847,17.8226666666667,408,616,4466,26,14,34,147,1,5,11,17,11,27,0.662337662337662,8,19
2019,"M.Stafford",8.66567516546618,NA,20.82,187,291,2499,19,5,20,66,0,27,4,27,22,37,0.642611683848797,17,3
2019,"M.Trubisky",-2.40508033768375,NA,13.5213333333333,326,516,3138,17,10,48,193,2,20,30,14,26,17,0.631782945736434,21,29
2019,"P.Mahomes",9.79156126309391,NA,20.5028571428571,319,484,4031,26,5,43,218,2,10,5,13,12,18,0.659090909090909,12,1
2019,"P.Rivers",4.08336238358072,NA,14.71875,390,591,4615,23,20,12,29,0,4,24,36,15,38,0.65989847715736,11,11
2019,"R.Fitzpatrick",1.71013610494198,NA,16.0973333333333,311,502,3529,20,13,54,243,4,17,18,10,21,7,0.619521912350598,27,18
2019,"R.Tannehill",NA,1.30329005227395,18.6816666666667,201,286,2742,22,6,43,185,4,26,9,15,18,8,0.702797202797203,3,38
2019,"R.Wilson",5.4870255482909,-0.546474269669488,20.4125,341,516,4110,31,5,75,342,3,6,7,5,3,11,0.660852713178295,9,8
2019,"S.Darnold",-1.34417186676891,-0.515045572336441,14.5507692307692,273,441,3024,19,13,33,62,2,23,25,30,23,19,0.619047619047619,28,26
2019,"T.Brady",1.96847105829408,NA,16.48,373,613,4057,24,8,26,34,3,7,16,33,14,12,0.608482871125612,31,17
2019,"T.Bridgewater",NA,-1.82156688042093,10.0511111111111,133,196,1384,9,2,28,31,0,34,37,35,33,39,0.678571428571429,6,39
2020,"A.Dalton",-1.0182609132421,NA,12.3545454545455,216,333,2170,14,8,28,114,0,28,31,22,24,31,0.648648648648649,24,27
2020,"A.Rodgers",11.6407404536328,NA,23.89125,372,526,4299,48,5,38,149,3,7,4,19,1,10,0.707224334600761,1,2
2020,"A.Smith",-4.08847909226467,NA,8.9475,168,252,1582,6,8,10,3,0,34,37,34,36,32,0.666666666666667,15,33
2020,"B.Mayfield",5.48425880829474,-0.438105907674094,15.47625,305,486,3563,26,8,54,165,1,18,25,15,12,24,0.627572016460905,30,12
2020,"B.Roethlisberger",3.67405745363598,NA,17.8146666666667,399,608,3803,33,10,25,11,0,16,13,31,8,33,0.65625,20,19
2020,"C.Newton",-0.30266934624181,1.35290354727711,17.2653333333333,242,368,2657,8,10,137,592,12,24,18,3,34,1,0.657608695652174,18,26
2020,"C.Wentz",-7.24986115386087,0.897024527092678,16.5333333333333,251,437,2620,16,15,52,276,5,25,21,10,20,6,0.574370709382151,36,36
2020,"D.Brees",5.81003714676463,NA,17.4566666666667,275,390,2942,24,6,18,-2,2,20,16,36,17,18,0.705128205128205,2,10
2020,"D.Carr",3.75789673684732,NA,17.0075,348,517,4103,27,9,39,140,3,11,19,21,11,11,0.673114119922631,11,17
2020,"D.Haskins",-5.65316431651546,NA,9.73714285714286,148,241,1439,5,7,20,46,1,36,36,29,37,25,0.614107883817427,34,34
2020,"D.Jones",-1.67719204750108,NA,12.8585714285714,280,448,2943,11,10,65,423,1,19,30,6,28,26,0.625,31,29
2020,"D.Lock",-2.59375958271028,NA,13.9476923076923,254,443,2933,16,15,44,160,3,21,28,16,21,12,0.573363431151242,37,30
2020,"D.Prescott",6.40355901589093,1.77085713340219,26.928,151,222,1856,9,4,18,93,3,31,1,26,32,13,0.68018018018018,8,8
2020,"D.Watson",8.34024721480138,0.895761769523233,23.0825,382,544,4823,33,7,90,444,3,1,6,5,9,14,0.702205882352941,3,4
2020,"G.Minshew II",1.37795880779602,0.844480933042373,17.6966666666667,137,220,1472,10,2,17,93,1,35,14,27,30,27,0.622727272727273,32,24
2020,"J.Allen",10.5740440622369,-0.00145455837340927,24.69125,396,572,4544,37,10,102,421,8,5,3,7,5,3,0.692307692307692,4,3
2020,"J.Burrow",4.89667249719119,NA,17.372,264,404,2688,13,5,37,142,3,23,17,20,25,15,0.653465346534653,22,14
2020,"J.Goff",1.65567525424826,NA,15.9986666666667,370,552,3952,20,13,51,99,4,14,24,25,19,9,0.670289855072464,13,23
2020,"J.Herbert",5.94418634111795,NA,22.1893333333333,396,595,4336,31,10,55,234,5,6,8,12,10,7,0.665546218487395,16,9
2020,"K.Cousins",5.73058891472705,NA,19.1375,349,516,4265,35,13,32,156,1,8,12,17,6,28,0.676356589147287,10,11
2020,"K.Murray",2.11273710609093,2.74573094831926,23.67125,375,558,3971,26,12,133,819,11,13,5,2,13,2,0.672043010752688,12,22
2020,"L.Jackson",3.75303031588771,2.66488690093366,22.1853333333333,242,376,2757,26,9,159,1005,7,22,9,1,14,4,0.643617021276596,27,18
2020,"M.Glennon",-3.5597787174832,NA,12.116,111,179,1072,7,5,6,17,0,37,32,30,35,34,0.620111731843575,33,31
2020,"M.Ryan",4.27568076284722,NA,17.6525,407,626,4581,26,11,29,92,2,4,15,28,15,19,0.650159744408946,23,16
2020,"M.Stafford",3.49043112478853,NA,16.285,339,528,4084,26,10,29,112,0,12,22,23,16,35,0.642045454545455,28,20
2020,"M.Trubisky",NA,0.921759511598097,15.37,199,297,2055,16,8,33,195,1,30,26,14,22,29,0.67003367003367,14,37
2020,"N.Foles",-3.73946260421282,NA,11.5755555555556,202,312,1852,10,8,16,1,1,32,34,35,31,30,0.647435897435897,25,32
2020,"N.Mullens",-0.0498801064819749,NA,11.628,211,326,2437,12,12,9,8,0,26,33,32,27,36,0.647239263803681,26,25
2020,"P.Mahomes",12.1913602108676,NA,24.96,390,588,4740,38,6,62,308,2,2,2,8,4,20,0.663265306122449,17,1
2020,"P.Rivers",6.52112857029947,NA,14.9975,369,543,4169,24,11,18,-8,0,10,27,37,18,37,0.679558011049724,9,7
2020,"R.Fitzpatrick",5.17635755492586,NA,16.9711111111111,183,267,2091,13,8,30,151,2,29,20,18,26,21,0.685393258426966,7,13
2020,"R.Tannehill",7.88315158771723,NA,21.71,315,481,3819,34,7,43,266,7,15,10,11,7,5,0.654885654885655,21,6
2020,"R.Wilson",4.89197201372085,0.126165088726339,22.48625,384,558,4212,40,13,83,513,2,9,7,4,2,22,0.688172043010753,6,15
2020,"S.Darnold",-6.41359615001455,NA,11.1683333333333,217,364,2208,9,11,37,217,2,27,35,13,33,23,0.596153846153846,35,35
2020,"T.Brady",8.331635870607,NA,21.12,401,610,4633,40,12,30,6,3,3,11,33,3,16,0.657377049180328,19,5
2020,"T.Bridgewater",2.23412848954796,NA,16.0813333333333,340,492,3733,15,11,53,279,5,17,23,9,23,8,0.691056910569106,5,21
2020,"T.Tagovailoa",-1.35101895746521,NA,13.546,186,290,1814,11,5,36,109,3,33,29,24,29,17,0.641379310344828,29,28
